[
  {
    "nombre": "i-Cerrajeros Madrid",
    "slug": "i-cerrajeros-madrid",
    "categoria_slug": "cerrajeros",
    "ciudad_slug": "madrid",
    "barrio_slug": "chamberi",
    "direccion": "Cl. de Don Quijote, 26, Local 1, 28020 Madrid",
    "telefono": "912 669 532",
    "horario": "24 horas, 7 días",
    "coordenadas": { "lat": 40.4412, "lng": -3.7070 },
    "valoracion_media": 4.6,
    "num_resenas": 185,
    "servicios_destacados": ["Apertura de puertas", "Cambio de cerraduras", "Bombines de seguridad", "Cerraduras antibumping"],
    "url_google_maps": "https://maps.app.goo.gl/icerrajerosmadrid"
  },
  {
    "nombre": "De Madrid Cerrajeros",
    "slug": "de-madrid-cerrajeros",
    "categoria_slug": "cerrajeros",
    "ciudad_slug": "madrid",
    "barrio_slug": "salamanca",
    "direccion": "C. de Hermosilla 48, 1º Dcha, 28001 Madrid",
    "telefono": "911 971 143",
    "horario": "24 horas, 7 días",
    "coordenadas": { "lat": 40.4260, "lng": -3.6820 },
    "valoracion_media": 4.7,
    "num_resenas": 312,
    "servicios_destacados": ["Apertura de puertas", "Cambio de cerraduras", "Cerraduras de seguridad", "Servicio urgente 20 min"],
    "url_google_maps": "https://maps.app.goo.gl/demadridcerrajeros"
  },
  {
    "nombre": "Cerrajería Llaves y Grabados el 22",
    "slug": "cerrajeria-llaves-grabados-22",
    "categoria_slug": "cerrajeros",
    "ciudad_slug": "madrid",
    "barrio_slug": "centro",
    "direccion": "Calle Hortaleza, 22, 28004 Madrid",
    "telefono": "613 051 223",
    "horario": "24 horas, 7 días",
    "coordenadas": { "lat": 40.4210, "lng": -3.6990 },
    "valoracion_media": 4.8,
    "num_resenas": 420,
    "servicios_destacados": ["Duplicado de llaves", "Apertura de puertas", "Cerraduras de seguridad", "Grabados"],
    "url_google_maps": "https://maps.app.goo.gl/llavesygrabados22"
  },
  {
    "nombre": "Cerrajeros Veracruz",
    "slug": "cerrajeros-veracruz",
    "categoria_slug": "cerrajeros",
    "ciudad_slug": "madrid",
    "barrio_slug": "retiro",
    "direccion": "Calle de Narváez, 42, 28009 Madrid",
    "telefono": "640 322 677",
    "horario": "24 horas, 7 días",
    "coordenadas": { "lat": 40.4195, "lng": -3.6780 },
    "valoracion_media": 4.5,
    "num_resenas": 156,
    "servicios_destacados": ["Apertura urgente", "Cerraduras multipunto", "Puertas blindadas", "Bombines europeos"],
    "url_google_maps": "https://maps.app.goo.gl/cerrajerosveracruz"
  },
  {
    "nombre": "Cerrajero Técnico Madrid",
    "slug": "cerrajero-tecnico-madrid",
    "categoria_slug": "cerrajeros",
    "ciudad_slug": "madrid",
    "barrio_slug": "hortaleza",
    "direccion": "Calle de López de Hoyos, 200, 28043 Madrid",
    "telefono": "611 400 219",
    "horario": "24 horas, 7 días",
    "coordenadas": { "lat": 40.4650, "lng": -3.6500 },
    "valoracion_media": 4.4,
    "num_resenas": 98,
    "servicios_destacados": ["Apertura sin daños", "Cerraduras inteligentes", "Escudos de seguridad", "Presupuesto gratuito"],
    "url_google_maps": "https://maps.app.goo.gl/cerrajerotecnico"
  },
  {
    "nombre": "Cerrajeros Madrid 24hrs",
    "slug": "cerrajeros-madrid-24hrs",
    "categoria_slug": "cerrajeros",
    "ciudad_slug": "madrid",
    "barrio_slug": "salamanca",
    "direccion": "Calle de Serrano, 120, 28006 Madrid",
    "telefono": "915 053 749",
    "horario": "24 horas, 7 días",
    "coordenadas": { "lat": 40.4340, "lng": -3.6830 },
    "valoracion_media": 4.6,
    "num_resenas": 267,
    "servicios_destacados": ["Cerraduras de alta seguridad", "Apertura urgente", "Cambio de bombín", "25 años de experiencia"],
    "url_google_maps": "https://maps.app.goo.gl/cerrajerosmadrid24hrs"
  },
  {
    "nombre": "Cooperativa Cerrajeros Madrid",
    "slug": "cooperativa-cerrajeros-madrid",
    "categoria_slug": "cerrajeros",
    "ciudad_slug": "madrid",
    "barrio_slug": "centro",
    "direccion": "Plaza Mayor, 5, 28012 Madrid",
    "telefono": "911 977 348",
    "horario": "24 horas, 7 días",
    "coordenadas": { "lat": 40.4153, "lng": -3.7074 },
    "valoracion_media": 4.3,
    "num_resenas": 134,
    "servicios_destacados": ["Apertura de puertas", "Cerraduras antibumping", "Servicio en 15 minutos", "Cajas fuertes"],
    "url_google_maps": "https://maps.app.goo.gl/cooperativacerrajeros"
  },
  {
    "nombre": "Servicio Cerrajeros Madrid",
    "slug": "servicio-cerrajeros-madrid",
    "categoria_slug": "cerrajeros",
    "ciudad_slug": "madrid",
    "barrio_slug": "chamberi",
    "direccion": "Calle de Eloy Gonzalo, 22, 28010 Madrid",
    "telefono": "677 997 633",
    "horario": "24 horas, 7 días",
    "coordenadas": { "lat": 40.4380, "lng": -3.7010 },
    "valoracion_media": 4.5,
    "num_resenas": 178,
    "servicios_destacados": ["Cerraduras multipunto", "Apertura de garajes", "30 años de experiencia", "Precios desde 60€"],
    "url_google_maps": "https://maps.app.goo.gl/serviciocerrajeros"
  },
  {
    "nombre": "Cerrajeros Express Retiro",
    "slug": "cerrajeros-express-retiro",
    "categoria_slug": "cerrajeros",
    "ciudad_slug": "madrid",
    "barrio_slug": "retiro",
    "direccion": "Calle de Ibiza, 33, 28009 Madrid",
    "telefono": "910 678 901",
    "horario": "Lun-Sáb: 8:00-22:00",
    "coordenadas": { "lat": 40.4195, "lng": -3.6750 },
    "valoracion_media": 4.7,
    "num_resenas": 89,
    "servicios_destacados": ["Duplicado de llaves", "Cerraduras de buzón", "Instalación de mirillas", "Puertas acorazadas"],
    "url_google_maps": "https://maps.app.goo.gl/cerrajerosexpressretiro"
  },
  {
    "nombre": "Cerrajeros Hortaleza Urgente",
    "slug": "cerrajeros-hortaleza-urgente",
    "categoria_slug": "cerrajeros",
    "ciudad_slug": "madrid",
    "barrio_slug": "hortaleza",
    "direccion": "Avenida de Machupichu, 15, 28043 Madrid",
    "telefono": "910 012 345",
    "horario": "24 horas, 7 días",
    "coordenadas": { "lat": 40.4700, "lng": -3.6450 },
    "valoracion_media": 4.2,
    "num_resenas": 54,
    "servicios_destacados": ["Apertura de coches", "Cerraduras de comunidad", "Urgencias 24h", "Sin cobro por desplazamiento"],
    "url_google_maps": "https://maps.app.goo.gl/cerrajeroshortaleza"
  },
  {
    "nombre": "CerrajeroPRO Barcelona",
    "slug": "cerrajeropro-barcelona",
    "categoria_slug": "cerrajeros",
    "ciudad_slug": "barcelona",
    "barrio_slug": "eixample",
    "direccion": "Carrer de Provença, 190, 08036 Barcelona",
    "telefono": "658 864 910",
    "horario": "24 horas, 7 días",
    "coordenadas": { "lat": 41.3880, "lng": 2.1580 },
    "valoracion_media": 4.6,
    "num_resenas": 245,
    "servicios_destacados": ["Apertura de puertas", "Cerraduras de seguridad", "Materiales certificados", "Sin recargo nocturno"],
    "url_google_maps": "https://maps.app.goo.gl/cerrajeroProBCN"
  },
  {
    "nombre": "Barcelona Cerrajeros",
    "slug": "barcelona-cerrajeros",
    "categoria_slug": "cerrajeros",
    "ciudad_slug": "barcelona",
    "barrio_slug": "gracia",
    "direccion": "Carrer Gran de Gràcia, 45, 08012 Barcelona",
    "telefono": "938 346 215",
    "horario": "24 horas, 7 días",
    "coordenadas": { "lat": 41.4020, "lng": 2.1560 },
    "valoracion_media": 4.5,
    "num_resenas": 189,
    "servicios_destacados": ["Apertura urgente", "Cambio de cerraduras", "Cerraduras electrónicas", "Presupuesto gratuito"],
    "url_google_maps": "https://maps.app.goo.gl/barcelonacerrajeros"
  },
  {
    "nombre": "Cerrajería Segurclau",
    "slug": "cerrajeria-segurclau",
    "categoria_slug": "cerrajeros",
    "ciudad_slug": "barcelona",
    "barrio_slug": "sants-montjuic",
    "direccion": "C/ Córcega 634, 08025 Barcelona",
    "telefono": "687 949 121",
    "horario": "24 horas, 7 días",
    "coordenadas": { "lat": 41.3750, "lng": 2.1500 },
    "valoracion_media": 4.4,
    "num_resenas": 132,
    "servicios_destacados": ["Apertura de puertas", "Cerraduras de seguridad", "Bombines antibumping", "Servicio 365 días"],
    "url_google_maps": "https://maps.app.goo.gl/segurclau"
  },
  {
    "nombre": "Barnacopy Cerrajería",
    "slug": "barnacopy-cerrajeria",
    "categoria_slug": "cerrajeros",
    "ciudad_slug": "barcelona",
    "barrio_slug": "ciutat-vella",
    "direccion": "Calle Provenza, 190, 08036 Barcelona",
    "telefono": "931 395 188",
    "horario": "Lun-Vie: 9:00-20:00, Sáb: 10:00-14:00",
    "coordenadas": { "lat": 41.3830, "lng": 2.1700 },
    "valoracion_media": 4.7,
    "num_resenas": 298,
    "servicios_destacados": ["Duplicado de llaves", "Cerraduras de alta seguridad", "20 años de experiencia", "Puertas blindadas"],
    "url_google_maps": "https://maps.app.goo.gl/barnacopy"
  },
  {
    "nombre": "Cerrajeros 24h Barcelona",
    "slug": "cerrajeros-24h-barcelona",
    "categoria_slug": "cerrajeros",
    "ciudad_slug": "barcelona",
    "barrio_slug": "sarria-sant-gervasi",
    "direccion": "Carrer de Muntaner, 350, 08021 Barcelona",
    "telefono": "697 199 199",
    "horario": "24 horas, 7 días",
    "coordenadas": { "lat": 41.3990, "lng": 2.1350 },
    "valoracion_media": 4.3,
    "num_resenas": 167,
    "servicios_destacados": ["Apertura urgente", "Cambio de bombín", "Cerraduras multipunto", "Precios desde 65€"],
    "url_google_maps": "https://maps.app.goo.gl/cerrajeros24hbcn"
  },
  {
    "nombre": "Clar Cerrajeros Valencia",
    "slug": "clar-cerrajeros-valencia",
    "categoria_slug": "cerrajeros",
    "ciudad_slug": "valencia",
    "barrio_slug": "benimaclet",
    "direccion": "C. del Doctor Vicent Zaragoza, 69, BAJO, 46020 Valencia",
    "telefono": "614 402 117",
    "horario": "24 horas, 7 días",
    "coordenadas": { "lat": 39.4840, "lng": -0.3610 },
    "valoracion_media": 4.6,
    "num_resenas": 178,
    "servicios_destacados": ["Apertura de puertas", "Cerraduras de seguridad", "Sin cobro desplazamiento", "Precio cerrado"],
    "url_google_maps": "https://maps.app.goo.gl/clarcerrajeros"
  },
  {
    "nombre": "Círculo 24 Cerrajeros",
    "slug": "circulo-24-cerrajeros",
    "categoria_slug": "cerrajeros",
    "ciudad_slug": "valencia",
    "barrio_slug": "ruzafa",
    "direccion": "Carrer de Sueca, 30, 46006 Valencia",
    "telefono": "622 135 910",
    "horario": "24 horas, 7 días",
    "coordenadas": { "lat": 39.4610, "lng": -0.3710 },
    "valoracion_media": 4.5,
    "num_resenas": 145,
    "servicios_destacados": ["Apertura urgente", "Cambio de cerraduras", "20 años de experiencia", "Cerraduras digitales"],
    "url_google_maps": "https://maps.app.goo.gl/circulo24"
  },
  {
    "nombre": "Cerrajeros Valencia Origin-Go",
    "slug": "cerrajeros-valencia-origin-go",
    "categoria_slug": "cerrajeros",
    "ciudad_slug": "valencia",
    "barrio_slug": "ciutat-vella-valencia",
    "direccion": "C. de Aparisi y Guijarro, 4, 46003 Valencia",
    "telefono": "618 190 351",
    "horario": "24 horas, 7 días",
    "coordenadas": { "lat": 39.4740, "lng": -0.3760 },
    "valoracion_media": 4.4,
    "num_resenas": 112,
    "servicios_destacados": ["Apertura sin daños", "Cerraduras multipunto", "Llegada en 15-20 min", "Bombines de seguridad"],
    "url_google_maps": "https://maps.app.goo.gl/origingo"
  },
  {
    "nombre": "Cerrajeros Valencianos",
    "slug": "cerrajeros-valencianos",
    "categoria_slug": "cerrajeros",
    "ciudad_slug": "valencia",
    "barrio_slug": "eixample-valencia",
    "direccion": "Carrer de Colón, 58, 46004 Valencia",
    "telefono": "678 459 578",
    "horario": "24 horas, 7 días",
    "coordenadas": { "lat": 39.4660, "lng": -0.3730 },
    "valoracion_media": 4.5,
    "num_resenas": 87,
    "servicios_destacados": ["Apertura de puertas", "Extracción de llaves", "Precio por teléfono", "Sin sorpresas"],
    "url_google_maps": "https://maps.app.goo.gl/cerrajerosvalencianos"
  },
  {
    "nombre": "Cerrajeros Benimaclet 24h",
    "slug": "cerrajeros-benimaclet-24h",
    "categoria_slug": "cerrajeros",
    "ciudad_slug": "valencia",
    "barrio_slug": "patraix",
    "direccion": "Carrer de Fontanars dels Alforins, 82, 46018 Valencia",
    "telefono": "605 027 772",
    "horario": "24 horas, 7 días",
    "coordenadas": { "lat": 39.4590, "lng": -0.3910 },
    "valoracion_media": 4.3,
    "num_resenas": 65,
    "servicios_destacados": ["Apertura de puertas", "Cajas fuertes", "Empresa familiar", "Llegada en 20 min"],
    "url_google_maps": "https://maps.app.goo.gl/cerrajerosbenimaclet"
  },
  {
    "nombre": "Cerrajero 24h Mario Núñez",
    "slug": "cerrajero-24h-mario-nunez",
    "categoria_slug": "cerrajeros",
    "ciudad_slug": "sevilla",
    "barrio_slug": "triana",
    "direccion": "Calle San Jacinto, 45, 41010 Sevilla",
    "telefono": "654 321 098",
    "horario": "24 horas, 7 días",
    "coordenadas": { "lat": 37.3830, "lng": -6.0070 },
    "valoracion_media": 4.7,
    "num_resenas": 234,
    "servicios_destacados": ["Apertura sin rotura", "Cerraduras de seguridad", "Puertas blindadas", "20 años de experiencia"],
    "url_google_maps": "https://maps.app.goo.gl/marionunez"
  },
  {
    "nombre": "Cerrajeros Sevilla Presupuesto",
    "slug": "cerrajeros-sevilla-presupuesto",
    "categoria_slug": "cerrajeros",
    "ciudad_slug": "sevilla",
    "barrio_slug": "nervion",
    "direccion": "Av. de Eduardo Dato, 22, 41005 Sevilla",
    "telefono": "644 333 344",
    "horario": "24 horas, 7 días",
    "coordenadas": { "lat": 37.3890, "lng": -5.9710 },
    "valoracion_media": 4.5,
    "num_resenas": 189,
    "servicios_destacados": ["Apertura de puertas", "Cambio de cerraduras", "34 años de experiencia", "Presupuesto previo"],
    "url_google_maps": "https://maps.app.goo.gl/cerrajerossevilla"
  },
  {
    "nombre": "Cerrajeros Rápidos Sevilla",
    "slug": "cerrajeros-rapidos-sevilla",
    "categoria_slug": "cerrajeros",
    "ciudad_slug": "sevilla",
    "barrio_slug": "macarena",
    "direccion": "Calle Feria, 120, 41002 Sevilla",
    "telefono": "626 476 883",
    "horario": "24 horas, 7 días",
    "coordenadas": { "lat": 37.4010, "lng": -5.9880 },
    "valoracion_media": 4.4,
    "num_resenas": 156,
    "servicios_destacados": ["Apertura urgente", "Cerraduras Tesa", "Cerraduras Mul-t-lock", "Servicio rápido"],
    "url_google_maps": "https://maps.app.goo.gl/cerrajerosrapidossevilla"
  },
  {
    "nombre": "Cerrajeros en Sevilla 24h",
    "slug": "cerrajeros-en-sevilla-24h",
    "categoria_slug": "cerrajeros",
    "ciudad_slug": "sevilla",
    "barrio_slug": "centro-sevilla",
    "direccion": "Calle Sierpes, 60, 41004 Sevilla",
    "telefono": "600 092 770",
    "horario": "24 horas, 7 días",
    "coordenadas": { "lat": 37.3890, "lng": -5.9960 },
    "valoracion_media": 4.3,
    "num_resenas": 112,
    "servicios_destacados": ["Apertura de puertas", "Cajas fuertes", "Persianas enrollables", "Puertas de garaje"],
    "url_google_maps": "https://maps.app.goo.gl/cerrajerosensevilla"
  },
  {
    "nombre": "Cerrajeros Sevilla 24 Horas",
    "slug": "cerrajeros-sevilla-24-horas",
    "categoria_slug": "cerrajeros",
    "ciudad_slug": "sevilla",
    "barrio_slug": "los-remedios",
    "direccion": "Av. República Argentina, 15, 41011 Sevilla",
    "telefono": "625 873 014",
    "horario": "24 horas, 7 días",
    "coordenadas": { "lat": 37.3770, "lng": -6.0110 },
    "valoracion_media": 4.6,
    "num_resenas": 198,
    "servicios_destacados": ["Apertura de puertas", "Cambio de cerraduras", "Mejores precios", "Cerrajería especializada"],
    "url_google_maps": "https://maps.app.goo.gl/cerrajerossevilla24h"
  },
  {
    "nombre": "Guadalhorce Cerrajeros Málaga",
    "slug": "guadalhorce-cerrajeros-malaga",
    "categoria_slug": "cerrajeros",
    "ciudad_slug": "malaga",
    "barrio_slug": "centro-malaga",
    "direccion": "Calle Larios, 12, 29015 Málaga",
    "telefono": "622 406 394",
    "horario": "24 horas, 7 días",
    "coordenadas": { "lat": 36.7220, "lng": -4.4220 },
    "valoracion_media": 4.6,
    "num_resenas": 213,
    "servicios_destacados": ["Apertura de puertas", "Cerraduras de seguridad", "15 años de experiencia", "Desplazamiento gratuito"],
    "url_google_maps": "https://maps.app.goo.gl/guadalhorcecerrajeros"
  },
  {
    "nombre": "Cerrajeros Teatinos 24h",
    "slug": "cerrajeros-teatinos-24h",
    "categoria_slug": "cerrajeros",
    "ciudad_slug": "malaga",
    "barrio_slug": "teatinos",
    "direccion": "Bulevar Louis Pasteur, 25, 29010 Málaga",
    "telefono": "676 570 852",
    "horario": "24 horas, 7 días",
    "coordenadas": { "lat": 36.7290, "lng": -4.4690 },
    "valoracion_media": 4.4,
    "num_resenas": 87,
    "servicios_destacados": ["Apertura urgente", "Llegada en 15-20 min", "Cambio de bombín", "Servicio 365 días"],
    "url_google_maps": "https://maps.app.goo.gl/cerrajerosteatinos"
  },
  {
    "nombre": "LockCosta Cerrajeros",
    "slug": "lockcosta-cerrajeros",
    "categoria_slug": "cerrajeros",
    "ciudad_slug": "malaga",
    "barrio_slug": "la-malagueta",
    "direccion": "Paseo de Reding, 35, 29016 Málaga",
    "telefono": "952 280 689",
    "horario": "24 horas, 7 días",
    "coordenadas": { "lat": 36.7190, "lng": -4.4110 },
    "valoracion_media": 4.7,
    "num_resenas": 324,
    "servicios_destacados": ["Apertura de puertas", "Cerraduras de seguridad", "30 años de experiencia", "Reparación de cerraduras"],
    "url_google_maps": "https://maps.app.goo.gl/lockcosta"
  },
  {
    "nombre": "Cerrajeros PRO Málaga",
    "slug": "cerrajeros-pro-malaga",
    "categoria_slug": "cerrajeros",
    "ciudad_slug": "malaga",
    "barrio_slug": "huelin",
    "direccion": "C/ Gregorio Prieto 27, 29010 Málaga",
    "telefono": "951 495 680",
    "horario": "Lun-Sáb: 8:00-22:00",
    "coordenadas": { "lat": 36.7130, "lng": -4.4410 },
    "valoracion_media": 4.5,
    "num_resenas": 145,
    "servicios_destacados": ["Cerrajería profesional", "Cambio de cerraduras", "Puertas blindadas", "Presupuesto sin compromiso"],
    "url_google_maps": "https://maps.app.goo.gl/cerrajerospromalaga"
  },
  {
    "nombre": "Cerrajero Málaga El Palo",
    "slug": "cerrajero-malaga-el-palo",
    "categoria_slug": "cerrajeros",
    "ciudad_slug": "malaga",
    "barrio_slug": "el-palo",
    "direccion": "Av. Salvador Allende, 18, 29018 Málaga",
    "telefono": "687 589 449",
    "horario": "24 horas, 7 días",
    "coordenadas": { "lat": 36.7220, "lng": -4.3710 },
    "valoracion_media": 4.3,
    "num_resenas": 76,
    "servicios_destacados": ["Apertura urgente", "10 años de experiencia", "Cerraduras de seguridad", "Servicio rápido"],
    "url_google_maps": "https://maps.app.goo.gl/cerrajeroelpalo"
  },
  {
    "nombre": "Profesionales Madrid Fontanería",
    "slug": "profesionales-madrid-fontaneria",
    "categoria_slug": "fontaneros",
    "ciudad_slug": "madrid",
    "barrio_slug": "centro",
    "direccion": "C. del Mesón de Paredes, 77, 28012 Madrid",
    "telefono": "675 072 329",
    "horario": "24 horas, 7 días",
    "coordenadas": { "lat": 40.4100, "lng": -3.7050 },
    "valoracion_media": 4.6,
    "num_resenas": 198,
    "servicios_destacados": ["Reparación de fugas", "Desatascos", "Instalación de grifería", "Presupuesto gratuito"],
    "url_google_maps": "https://maps.app.goo.gl/profesionalesmadrid"
  },
  {
    "nombre": "Fontycam Fontaneros",
    "slug": "fontycam-fontaneros",
    "categoria_slug": "fontaneros",
    "ciudad_slug": "madrid",
    "barrio_slug": "chamberi",
    "direccion": "Calle de Modesto Lafuente, 80, 28003 Madrid",
    "telefono": "637 654 160",
    "horario": "24 horas, 7 días",
    "coordenadas": { "lat": 40.4400, "lng": -3.7050 },
    "valoracion_media": 4.7,
    "num_resenas": 267,
    "servicios_destacados": ["Reparación de averías", "Calefacción", "Sustitución de calderas", "20 años de experiencia"],
    "url_google_maps": "https://maps.app.goo.gl/fontycam"
  },
  {
    "nombre": "El Fontanero del Barrio",
    "slug": "el-fontanero-del-barrio",
    "categoria_slug": "fontaneros",
    "ciudad_slug": "madrid",
    "barrio_slug": "salamanca",
    "direccion": "Calle de Ayala, 11, 28001 Madrid",
    "telefono": "615 601 625",
    "horario": "24 horas, 7 días",
    "coordenadas": { "lat": 40.4260, "lng": -3.6830 },
    "valoracion_media": 4.8,
    "num_resenas": 312,
    "servicios_destacados": ["Visita gratuita", "Fontaneros autorizados", "Empresa familiar", "Urgencias 24h"],
    "url_google_maps": "https://maps.app.goo.gl/fontanerodelbarrio"
  },
  {
    "nombre": "FontaPro Madrid Centro",
    "slug": "fontapro-madrid-centro",
    "categoria_slug": "fontaneros",
    "ciudad_slug": "madrid",
    "barrio_slug": "retiro",
    "direccion": "Paseo de la Reina Cristina, 32, 28014 Madrid",
    "telefono": "609 883 565",
    "horario": "24 horas, 7 días",
    "coordenadas": { "lat": 40.4100, "lng": -3.6830 },
    "valoracion_media": 4.5,
    "num_resenas": 145,
    "servicios_destacados": ["Reparación de fugas", "Desatascos urgentes", "Calderas y termos", "Respuesta en 30 min"],
    "url_google_maps": "https://maps.app.goo.gl/fontapro"
  },
  {
    "nombre": "HomeServe Fontaneros Madrid",
    "slug": "homeserve-fontaneros-madrid",
    "categoria_slug": "fontaneros",
    "ciudad_slug": "madrid",
    "barrio_slug": "hortaleza",
    "direccion": "Calle de López de Hoyos, 150, 28043 Madrid",
    "telefono": "911 774 593",
    "horario": "24 horas, 7 días",
    "coordenadas": { "lat": 40.4680, "lng": -3.6480 },
    "valoracion_media": 4.4,
    "num_resenas": 456,
    "servicios_destacados": ["Cambio bañera por ducha", "Desatrancos", "1 año de garantía", "Sin gastos desplazamiento"],
    "url_google_maps": "https://maps.app.goo.gl/homeservemadrid"
  },
  {
    "nombre": "Fontaneros Barcelona",
    "slug": "fontaneros-barcelona",
    "categoria_slug": "fontaneros",
    "ciudad_slug": "barcelona",
    "barrio_slug": "eixample",
    "direccion": "Carrer de Provença, 250, 08008 Barcelona",
    "telefono": "934 940 089",
    "horario": "24 horas, 7 días",
    "coordenadas": { "lat": 41.3900, "lng": 2.1620 },
    "valoracion_media": 4.5,
    "num_resenas": 234,
    "servicios_destacados": ["Fugas de agua", "Desatascos", "Grifería", "20 años de experiencia"],
    "url_google_maps": "https://maps.app.goo.gl/fontanerosbcn"
  },
  {
    "nombre": "Fontanería CN Barcelona",
    "slug": "fontaneria-cn-barcelona",
    "categoria_slug": "fontaneros",
    "ciudad_slug": "barcelona",
    "barrio_slug": "gracia",
    "direccion": "Carrer Gran de Gràcia, 120, 08012 Barcelona",
    "telefono": "612 529 870",
    "horario": "Lun-Sáb: 6:00-21:00",
    "coordenadas": { "lat": 41.4040, "lng": 2.1575 },
    "valoracion_media": 4.7,
    "num_resenas": 189,
    "servicios_destacados": ["Fontanero urgente", "Reparación rápida", "20 años de experiencia", "Llegada en 60 min"],
    "url_google_maps": "https://maps.app.goo.gl/fontaneriacn"
  },
  {
    "nombre": "Servis Instal Company",
    "slug": "servis-instal-company",
    "categoria_slug": "fontaneros",
    "ciudad_slug": "barcelona",
    "barrio_slug": "sants-montjuic",
    "direccion": "Carrer de Sants, 180, 08028 Barcelona",
    "telefono": "695 629 590",
    "horario": "24 horas, 7 días",
    "coordenadas": { "lat": 41.3740, "lng": 2.1500 },
    "valoracion_media": 4.4,
    "num_resenas": 98,
    "servicios_destacados": ["Agua, luz y gas", "Reparaciones 24h", "Póliza de seguros", "Mantenimiento"],
    "url_google_maps": "https://maps.app.goo.gl/servisinstal"
  },
  {
    "nombre": "Soluciones González Fontaneros",
    "slug": "soluciones-gonzalez-fontaneros",
    "categoria_slug": "fontaneros",
    "ciudad_slug": "barcelona",
    "barrio_slug": "ciutat-vella",
    "direccion": "Carrer de la Princesa, 25, 08003 Barcelona",
    "telefono": "659 059 059",
    "horario": "24 horas, 7 días",
    "coordenadas": { "lat": 41.3830, "lng": 2.1710 },
    "valoracion_media": 4.3,
    "num_resenas": 112,
    "servicios_destacados": ["Llegada en 20 min", "Servicio 365 días", "Desatascos urgentes", "Instalaciones completas"],
    "url_google_maps": "https://maps.app.goo.gl/solucionesgonzalez"
  },
  {
    "nombre": "Varuna Fontaneros Barcelona",
    "slug": "varuna-fontaneros-barcelona",
    "categoria_slug": "fontaneros",
    "ciudad_slug": "barcelona",
    "barrio_slug": "sarria-sant-gervasi",
    "direccion": "Carrer de Muntaner, 400, 08006 Barcelona",
    "telefono": "936 947 720",
    "horario": "Lun-Vie: 8:00-20:00",
    "coordenadas": { "lat": 41.4010, "lng": 2.1330 },
    "valoracion_media": 4.6,
    "num_resenas": 145,
    "servicios_destacados": ["Soluciones eficientes", "Fontanería profesional", "Reparación de fugas", "Instalaciones nuevas"],
    "url_google_maps": "https://maps.app.goo.gl/varunafontaneros"
  },
  {
    "nombre": "Fontaneros Valencia Tot Repara",
    "slug": "fontaneros-valencia-tot-repara",
    "categoria_slug": "fontaneros",
    "ciudad_slug": "valencia",
    "barrio_slug": "patraix",
    "direccion": "Carrer de Fontanars dels Alforins, 82, 46018 Valencia",
    "telefono": "963 173 329",
    "horario": "24 horas, 7 días",
    "coordenadas": { "lat": 39.4590, "lng": -0.3910 },
    "valoracion_media": 4.5,
    "num_resenas": 198,
    "servicios_destacados": ["Reparación de fugas", "Desatascos", "Mejor precio", "Servicio 24h/365"],
    "url_google_maps": "https://maps.app.goo.gl/totrepara"
  },
  {
    "nombre": "Servicio Xpress Fontanería Valencia",
    "slug": "servicio-xpress-fontaneria-valencia",
    "categoria_slug": "fontaneros",
    "ciudad_slug": "valencia",
    "barrio_slug": "ruzafa",
    "direccion": "Carrer de Sueca, 45, 46006 Valencia",
    "telefono": "601 895 629",
    "horario": "24 horas, 7 días",
    "coordenadas": { "lat": 39.4600, "lng": -0.3700 },
    "valoracion_media": 4.4,
    "num_resenas": 134,
    "servicios_destacados": ["Urgencias desde 60€", "Llegada en 30 min", "Sin costes ocultos", "Festivos incluidos"],
    "url_google_maps": "https://maps.app.goo.gl/servicioxpress"
  },
  {
    "nombre": "MultiHogar Valencia Fontaneros",
    "slug": "multihogar-valencia-fontaneros",
    "categoria_slug": "fontaneros",
    "ciudad_slug": "valencia",
    "barrio_slug": "benimaclet",
    "direccion": "Carrer del Doctor Vicent Zaragoza, 50, 46020 Valencia",
    "telefono": "627 378 977",
    "horario": "24 horas, 7 días",
    "coordenadas": { "lat": 39.4850, "lng": -0.3610 },
    "valoracion_media": 4.3,
    "num_resenas": 87,
    "servicios_destacados": ["Calentadores eléctricos", "Desatascos de bañera", "Presupuesto gratuito", "Fontanero barato"],
    "url_google_maps": "https://maps.app.goo.gl/multihogarvalencia"
  },
  {
    "nombre": "Círculo 24 Fontanería Valencia",
    "slug": "circulo-24-fontaneria-valencia",
    "categoria_slug": "fontaneros",
    "ciudad_slug": "valencia",
    "barrio_slug": "ciutat-vella-valencia",
    "direccion": "Carrer de la Pau, 18, 46003 Valencia",
    "telefono": "622 135 910",
    "horario": "24 horas, 7 días",
    "coordenadas": { "lat": 39.4740, "lng": -0.3760 },
    "valoracion_media": 4.6,
    "num_resenas": 156,
    "servicios_destacados": ["20 años de experiencia", "Fontanería urgente", "Desatascos", "Reparación de fugas"],
    "url_google_maps": "https://maps.app.goo.gl/circulo24fontaneria"
  },
  {
    "nombre": "RP Cerrajeros y Fontanería",
    "slug": "rp-fontaneria-valencia",
    "categoria_slug": "fontaneros",
    "ciudad_slug": "valencia",
    "barrio_slug": "eixample-valencia",
    "direccion": "Carrer de Colón, 80, 46004 Valencia",
    "telefono": "678 357 401",
    "horario": "24 horas, 7 días",
    "coordenadas": { "lat": 39.4660, "lng": -0.3730 },
    "valoracion_media": 4.4,
    "num_resenas": 98,
    "servicios_destacados": ["Llegada en 20 min", "Reparaciones urgentes", "Fontanería completa", "Equipo distribuido"],
    "url_google_maps": "https://maps.app.goo.gl/rpfontaneria"
  },
  {
    "nombre": "Fonticosur Fontaneros Sevilla",
    "slug": "fonticosur-fontaneros-sevilla",
    "categoria_slug": "fontaneros",
    "ciudad_slug": "sevilla",
    "barrio_slug": "triana",
    "direccion": "Calle Esperanza de Triana, 22, 41010 Sevilla",
    "telefono": "954 045 735",
    "horario": "Lun-Vie: 9:00-20:00",
    "coordenadas": { "lat": 37.3830, "lng": -6.0050 },
    "valoracion_media": 4.7,
    "num_resenas": 234,
    "servicios_destacados": ["Fontanería profesional", "Reparación de fugas", "Instalaciones nuevas", "Presupuesto gratuito"],
    "url_google_maps": "https://maps.app.goo.gl/fonticosur"
  },
  {
    "nombre": "Fontanero Nervión Sevilla",
    "slug": "fontanero-nervion-sevilla",
    "categoria_slug": "fontaneros",
    "ciudad_slug": "sevilla",
    "barrio_slug": "nervion",
    "direccion": "Av. de Eduardo Dato, 30, 41005 Sevilla",
    "telefono": "608 621 529",
    "horario": "24 horas, 7 días",
    "coordenadas": { "lat": 37.3890, "lng": -5.9710 },
    "valoracion_media": 4.5,
    "num_resenas": 145,
    "servicios_destacados": ["20 años de experiencia", "Urgencias 24h", "Desatascos", "Línea siempre abierta"],
    "url_google_maps": "https://maps.app.goo.gl/fontaneronervion"
  },
  {
    "nombre": "LU&VI Fontanería Sevilla",
    "slug": "luvi-fontaneria-sevilla",
    "categoria_slug": "fontaneros",
    "ciudad_slug": "sevilla",
    "barrio_slug": "centro-sevilla",
    "direccion": "Calle Sierpes, 40, 41004 Sevilla",
    "telefono": "654 789 012",
    "horario": "Lun-Sáb: 8:00-21:00",
    "coordenadas": { "lat": 37.3890, "lng": -5.9960 },
    "valoracion_media": 4.6,
    "num_resenas": 178,
    "servicios_destacados": ["15 años de experiencia", "6 meses garantía", "Fontaneros rápidos", "Trato directo"],
    "url_google_maps": "https://maps.app.goo.gl/luvifontaneria"
  },
  {
    "nombre": "Fontaneros Sevilla 24h",
    "slug": "fontaneros-sevilla-24h",
    "categoria_slug": "fontaneros",
    "ciudad_slug": "sevilla",
    "barrio_slug": "macarena",
    "direccion": "Calle Feria, 80, 41002 Sevilla",
    "telefono": "601 131 783",
    "horario": "24 horas, 7 días",
    "coordenadas": { "lat": 37.4010, "lng": -5.9880 },
    "valoracion_media": 4.4,
    "num_resenas": 112,
    "servicios_destacados": ["20 años de experiencia", "Fontanería urgente", "Desatascos", "Servicio económico"],
    "url_google_maps": "https://maps.app.goo.gl/fontanerossevilla24h"
  },
  {
    "nombre": "Servicio Xpress Fontanería Sevilla",
    "slug": "servicio-xpress-fontaneria-sevilla",
    "categoria_slug": "fontaneros",
    "ciudad_slug": "sevilla",
    "barrio_slug": "los-remedios",
    "direccion": "Av. República Argentina, 30, 41011 Sevilla",
    "telefono": "601 895 352",
    "horario": "24 horas, 7 días",
    "coordenadas": { "lat": 37.3770, "lng": -6.0100 },
    "valoracion_media": 4.5,
    "num_resenas": 98,
    "servicios_destacados": ["Sin recargos", "Llegada en 30 min", "Urgencias 24/7", "Festivos sin recargo"],
    "url_google_maps": "https://maps.app.goo.gl/servicioxpresssevilla"
  },
  {
    "nombre": "Málaga AquaSur Fontaneros",
    "slug": "malaga-aquasur-fontaneros",
    "categoria_slug": "fontaneros",
    "ciudad_slug": "malaga",
    "barrio_slug": "centro-malaga",
    "direccion": "C. Río Águeda, 2, 29002 Málaga",
    "telefono": "952 280 689",
    "horario": "24 horas, 7 días",
    "coordenadas": { "lat": 36.7230, "lng": -4.4230 },
    "valoracion_media": 4.6,
    "num_resenas": 213,
    "servicios_destacados": ["Precio cerrado", "Garantía por escrito", "Factura detallada", "Guardias 24/7"],
    "url_google_maps": "https://maps.app.goo.gl/aquasurmalaga"
  },
  {
    "nombre": "Fonta Teatinos",
    "slug": "fonta-teatinos",
    "categoria_slug": "fontaneros",
    "ciudad_slug": "malaga",
    "barrio_slug": "teatinos",
    "direccion": "Bulevar Louis Pasteur, 30, 29010 Málaga",
    "telefono": "641 215 848",
    "horario": "24 horas, 7 días",
    "coordenadas": { "lat": 36.7290, "lng": -4.4680 },
    "valoracion_media": 4.7,
    "num_resenas": 178,
    "servicios_destacados": ["40 años de experiencia", "Detección de fugas", "Termos eléctricos", "Asesoramiento gratuito"],
    "url_google_maps": "https://maps.app.goo.gl/fontateatinos"
  },
  {
    "nombre": "Servicio Xpress Fontanería Málaga",
    "slug": "servicio-xpress-fontaneria-malaga",
    "categoria_slug": "fontaneros",
    "ciudad_slug": "malaga",
    "barrio_slug": "huelin",
    "direccion": "Carretera de Cádiz, 50, 29004 Málaga",
    "telefono": "601 895 352",
    "horario": "24 horas, 7 días",
    "coordenadas": { "lat": 36.7130, "lng": -4.4410 },
    "valoracion_media": 4.4,
    "num_resenas": 98,
    "servicios_destacados": ["Desde 60€", "Sin recargos", "Llegada en 30 min", "Festivos incluidos"],
    "url_google_maps": "https://maps.app.goo.gl/servicioxpressmalaga"
  },
  {
    "nombre": "Fontanero El Palo Málaga",
    "slug": "fontanero-el-palo-malaga",
    "categoria_slug": "fontaneros",
    "ciudad_slug": "malaga",
    "barrio_slug": "el-palo",
    "direccion": "Av. Salvador Allende, 25, 29018 Málaga",
    "telefono": "621 191 098",
    "horario": "24 horas, 7 días",
    "coordenadas": { "lat": 36.7220, "lng": -4.3710 },
    "valoracion_media": 4.3,
    "num_resenas": 67,
    "servicios_destacados": ["Urgencias de fontanería", "Reparación de tuberías", "Grifos", "Desatascos"],
    "url_google_maps": "https://maps.app.goo.gl/fontaneroelpalomalaga"
  },
  {
    "nombre": "Fontanero Malagueta",
    "slug": "fontanero-malagueta",
    "categoria_slug": "fontaneros",
    "ciudad_slug": "malaga",
    "barrio_slug": "la-malagueta",
    "direccion": "Paseo de Reding, 40, 29016 Málaga",
    "telefono": "603 515 632",
    "horario": "24 horas, 7 días",
    "coordenadas": { "lat": 36.7190, "lng": -4.4110 },
    "valoracion_media": 4.5,
    "num_resenas": 112,
    "servicios_destacados": ["Urgencias y programados", "Llegada en 20-50 min", "Desatascos", "Reparación de calderas"],
    "url_google_maps": "https://maps.app.goo.gl/fontaneromalagueta"
  },

  {
    "nombre": "Luzmart Electricistas",
    "slug": "luzmart-electricistas",
    "categoria_slug": "electricistas",
    "ciudad_slug": "madrid",
    "barrio_slug": "centro",
    "direccion": "C. de la Montera, 15, 28013 Madrid",
    "telefono": "622 213 898",
    "horario": "24 horas, 7 días",
    "coordenadas": { "lat": 40.4180, "lng": -3.7010 },
    "valoracion_media": 4.6,
    "num_resenas": 245,
    "servicios_destacados": ["Visita y presupuesto gratis", "Urgencias 24h", "Cuadros eléctricos", "Más de 20 años"],
    "url_google_maps": "https://maps.app.goo.gl/luzmart"
  },
  {
    "nombre": "Electricista Ismael",
    "slug": "electricista-ismael",
    "categoria_slug": "electricistas",
    "ciudad_slug": "madrid",
    "barrio_slug": "retiro",
    "direccion": "Calle López Grass, 31, 28038 Madrid",
    "telefono": "671 130 556",
    "horario": "24 horas, 7 días",
    "coordenadas": { "lat": 40.4100, "lng": -3.6700 },
    "valoracion_media": 4.7,
    "num_resenas": 198,
    "servicios_destacados": ["Urgencia 24h", "Boletines eléctricos", "10 años de experiencia", "Instalaciones completas"],
    "url_google_maps": "https://maps.app.goo.gl/electricistaismael"
  },
  {
    "nombre": "Servielectric 24",
    "slug": "servielectric-24",
    "categoria_slug": "electricistas",
    "ciudad_slug": "madrid",
    "barrio_slug": "chamberi",
    "direccion": "C. de Bravo Murillo, 50, 28003 Madrid",
    "telefono": "910 911 505",
    "horario": "24 horas, 7 días",
    "coordenadas": { "lat": 40.4390, "lng": -3.7040 },
    "valoracion_media": 4.9,
    "num_resenas": 2062,
    "servicios_destacados": ["18 técnicos especialistas", "Urgencias 24h", "20 años de experiencia", "Instalaciones certificadas"],
    "url_google_maps": "https://maps.app.goo.gl/servielectric24"
  },
  {
    "nombre": "Electricista Madrid Centro Víctor",
    "slug": "electricista-madrid-centro-victor",
    "categoria_slug": "electricistas",
    "ciudad_slug": "madrid",
    "barrio_slug": "salamanca",
    "direccion": "Calle de Velázquez, 25, 28001 Madrid",
    "telefono": "666 151 488",
    "horario": "Lun-Sáb: 8:00-21:00",
    "coordenadas": { "lat": 40.4280, "lng": -3.6830 },
    "valoracion_media": 4.5,
    "num_resenas": 156,
    "servicios_destacados": ["15 años de experiencia", "Trato directo", "Sin intermediarios", "Electricista autorizado"],
    "url_google_maps": "https://maps.app.goo.gl/electricistavictor"
  },
  {
    "nombre": "KUINT Electricistas Madrid",
    "slug": "kuint-electricistas-madrid",
    "categoria_slug": "electricistas",
    "ciudad_slug": "madrid",
    "barrio_slug": "hortaleza",
    "direccion": "Calle de López de Hoyos, 180, 28002 Madrid",
    "telefono": "624 026 062",
    "horario": "24 horas, 7 días",
    "coordenadas": { "lat": 40.4670, "lng": -3.6490 },
    "valoracion_media": 4.4,
    "num_resenas": 134,
    "servicios_destacados": ["Electricistas urgentes", "Llegada en 20 min", "Boletines eléctricos", "Cuadros eléctricos"],
    "url_google_maps": "https://maps.app.goo.gl/kuintelectricistas"
  },
  {
    "nombre": "El Amigo Electricista",
    "slug": "el-amigo-electricista",
    "categoria_slug": "electricistas",
    "ciudad_slug": "barcelona",
    "barrio_slug": "eixample",
    "direccion": "Carrer del Consell de Cent, 300, 08007 Barcelona",
    "telefono": "615 402 173",
    "horario": "24 horas, 7 días",
    "coordenadas": { "lat": 41.3870, "lng": 2.1600 },
    "valoracion_media": 4.6,
    "num_resenas": 234,
    "servicios_destacados": ["Empresa familiar", "Urgencias 24h", "Instalaciones y averías", "Mantenimiento eléctrico"],
    "url_google_maps": "https://maps.app.goo.gl/elamigoelectricista"
  },
  {
    "nombre": "Servis Instal Electricistas",
    "slug": "servis-instal-electricistas",
    "categoria_slug": "electricistas",
    "ciudad_slug": "barcelona",
    "barrio_slug": "gracia",
    "direccion": "Carrer Gran de Gràcia, 80, 08012 Barcelona",
    "telefono": "695 629 590",
    "horario": "24 horas, 7 días",
    "coordenadas": { "lat": 41.4010, "lng": 2.1560 },
    "valoracion_media": 4.5,
    "num_resenas": 178,
    "servicios_destacados": ["365 días al año", "Urgencias eléctricas", "Boletines", "Instalaciones certificadas"],
    "url_google_maps": "https://maps.app.goo.gl/servisinstalelectricistas"
  },
  {
    "nombre": "Lampista Barcelona",
    "slug": "lampista-barcelona",
    "categoria_slug": "electricistas",
    "ciudad_slug": "barcelona",
    "barrio_slug": "sants-montjuic",
    "direccion": "Carrer de Palaudàries, 29, 08004 Barcelona",
    "telefono": "936 724 708",
    "horario": "24 horas, 7 días",
    "coordenadas": { "lat": 41.3740, "lng": 2.1510 },
    "valoracion_media": 4.4,
    "num_resenas": 145,
    "servicios_destacados": ["Urgencias 24h", "Acometidas eléctricas", "Certificados de verificación", "Instalaciones completas"],
    "url_google_maps": "https://maps.app.goo.gl/lampistabarcelona"
  },
  {
    "nombre": "Electricista Barcelona Averías 24h",
    "slug": "electricista-barcelona-averias-24h",
    "categoria_slug": "electricistas",
    "ciudad_slug": "barcelona",
    "barrio_slug": "ciutat-vella",
    "direccion": "Carrer de la Princesa, 50, 08003 Barcelona",
    "telefono": "694 230 072",
    "horario": "24 horas, 7 días",
    "coordenadas": { "lat": 41.3840, "lng": 2.1710 },
    "valoracion_media": 4.3,
    "num_resenas": 98,
    "servicios_destacados": ["Instalación y reparación", "Disponibilidad 24/7", "Electricistas certificados", "Sin recargo nocturno"],
    "url_google_maps": "https://maps.app.goo.gl/electricistabcnaverias"
  },
  {
    "nombre": "Interdomicilio Electricistas BCN",
    "slug": "interdomicilio-electricistas-bcn",
    "categoria_slug": "electricistas",
    "ciudad_slug": "barcelona",
    "barrio_slug": "sarria-sant-gervasi",
    "direccion": "Carrer de Muntaner, 380, 08006 Barcelona",
    "telefono": "934 184 545",
    "horario": "Lun-Vie: 8:00-20:00",
    "coordenadas": { "lat": 41.3995, "lng": 2.1340 },
    "valoracion_media": 4.5,
    "num_resenas": 167,
    "servicios_destacados": ["12 años de experiencia", "Electricistas a domicilio", "Premio Mejor Servicio 2025", "Presupuesto gratuito"],
    "url_google_maps": "https://maps.app.goo.gl/interdomiciliobcn"
  },
  {
    "nombre": "Electricista Benimaclet Valencia",
    "slug": "electricista-benimaclet-valencia",
    "categoria_slug": "electricistas",
    "ciudad_slug": "valencia",
    "barrio_slug": "benimaclet",
    "direccion": "Carrer d'Emili Baró, 20, 46020 Valencia",
    "telefono": "661 022 156",
    "horario": "24 horas, 7 días",
    "coordenadas": { "lat": 39.4850, "lng": -0.3600 },
    "valoracion_media": 4.5,
    "num_resenas": 134,
    "servicios_destacados": ["Llegada en 30 min", "Instalaciones eléctricas", "Certificados", "Urgencias 24h"],
    "url_google_maps": "https://maps.app.goo.gl/electricistabenimaclet"
  },
  {
    "nombre": "MultiHogar Valencia Electricistas",
    "slug": "multihogar-valencia-electricistas",
    "categoria_slug": "electricistas",
    "ciudad_slug": "valencia",
    "barrio_slug": "ruzafa",
    "direccion": "Carrer d'En Bot, 9, 46001 Valencia",
    "telefono": "627 378 977",
    "horario": "24 horas, 7 días",
    "coordenadas": { "lat": 39.4610, "lng": -0.3700 },
    "valoracion_media": 4.4,
    "num_resenas": 189,
    "servicios_destacados": ["15 años de experiencia", "Desde 50€", "Enchufes y cuadros", "Electricistas urgentes"],
    "url_google_maps": "https://maps.app.goo.gl/multihogarelectricistas"
  },
  {
    "nombre": "Servicio Xpress Electricista Valencia",
    "slug": "servicio-xpress-electricista-valencia",
    "categoria_slug": "electricistas",
    "ciudad_slug": "valencia",
    "barrio_slug": "ciutat-vella-valencia",
    "direccion": "Carrer de la Pau, 25, 46003 Valencia",
    "telefono": "601 895 629",
    "horario": "24 horas, 7 días",
    "coordenadas": { "lat": 39.4740, "lng": -0.3760 },
    "valoracion_media": 4.5,
    "num_resenas": 156,
    "servicios_destacados": ["Sin coste por emergencia", "Festivos incluidos", "Cobertura total Valencia", "Técnicos certificados"],
    "url_google_maps": "https://maps.app.goo.gl/servicioxpresselectricista"
  },
  {
    "nombre": "HomeServe Electricistas Valencia",
    "slug": "homeserve-electricistas-valencia",
    "categoria_slug": "electricistas",
    "ciudad_slug": "valencia",
    "barrio_slug": "eixample-valencia",
    "direccion": "Carrer de Colón, 60, 46004 Valencia",
    "telefono": "911 774 593",
    "horario": "24 horas, 7 días",
    "coordenadas": { "lat": 39.4660, "lng": -0.3730 },
    "valoracion_media": 4.6,
    "num_resenas": 456,
    "servicios_destacados": ["Sin gastos desplazamiento", "1 año de garantía", "365 días al año", "Electricistas en toda España"],
    "url_google_maps": "https://maps.app.goo.gl/homeservevalencia"
  },
  {
    "nombre": "Aquí Soluciones Electricistas Valencia",
    "slug": "aqui-soluciones-electricistas-valencia",
    "categoria_slug": "electricistas",
    "ciudad_slug": "valencia",
    "barrio_slug": "patraix",
    "direccion": "Carrer de Fontanars dels Alforins, 50, 46018 Valencia",
    "telefono": "670 389 473",
    "horario": "24 horas, 7 días",
    "coordenadas": { "lat": 39.4590, "lng": -0.3910 },
    "valoracion_media": 4.3,
    "num_resenas": 87,
    "servicios_destacados": ["Rapidez y calidad", "Electricistas baratos", "Urgencias 24h", "Sin costes ocultos"],
    "url_google_maps": "https://maps.app.goo.gl/aquisolucioneselectricistas"
  },
  {
    "nombre": "Electricistas Sevilla 24h",
    "slug": "electricistas-sevilla-24h",
    "categoria_slug": "electricistas",
    "ciudad_slug": "sevilla",
    "barrio_slug": "triana",
    "direccion": "C. Esperanza de Triana, 4, 41010 Sevilla",
    "telefono": "641 294 420",
    "horario": "24 horas, 7 días",
    "coordenadas": { "lat": 37.3830, "lng": -6.0060 },
    "valoracion_media": 4.6,
    "num_resenas": 198,
    "servicios_destacados": ["Electricistas certificados", "Atención inmediata", "Cobertura toda Sevilla", "Sin recargo nocturno"],
    "url_google_maps": "https://maps.app.goo.gl/electricistassevilla24h"
  },
  {
    "nombre": "Electricidad Triana",
    "slug": "electricidad-triana",
    "categoria_slug": "electricistas",
    "ciudad_slug": "sevilla",
    "barrio_slug": "centro-sevilla",
    "direccion": "Calle Salado, 19, 41010 Sevilla",
    "telefono": "659 712 228",
    "horario": "Lun-Vie: 9:00-20:00",
    "coordenadas": { "lat": 37.3890, "lng": -5.9960 },
    "valoracion_media": 4.5,
    "num_resenas": 145,
    "servicios_destacados": ["Cortocircuitos", "Cambio de fusibles", "Instalación electrodomésticos", "Enchufes y puntos de luz"],
    "url_google_maps": "https://maps.app.goo.gl/electricidadtriana"
  },
  {
    "nombre": "Electricistas Autorizados Sevilla",
    "slug": "electricistas-autorizados-sevilla",
    "categoria_slug": "electricistas",
    "ciudad_slug": "sevilla",
    "barrio_slug": "nervion",
    "direccion": "C. Marqués del Nervión, 24, Bajo A, 41005 Sevilla",
    "telefono": "694 283 242",
    "horario": "24 horas, 7 días",
    "coordenadas": { "lat": 37.3890, "lng": -5.9710 },
    "valoracion_media": 4.4,
    "num_resenas": 134,
    "servicios_destacados": ["Urgencias 24h", "Instalaciones certificadas", "Reparaciones eléctricas", "Presupuesto gratuito"],
    "url_google_maps": "https://maps.app.goo.gl/electricistasautorizadossevilla"
  },
  {
    "nombre": "Electricidad El Voltio Sevilla",
    "slug": "electricidad-el-voltio-sevilla",
    "categoria_slug": "electricistas",
    "ciudad_slug": "sevilla",
    "barrio_slug": "macarena",
    "direccion": "Calle Feria, 100, 41002 Sevilla",
    "telefono": "954 784 108",
    "horario": "24 horas, 7 días",
    "coordenadas": { "lat": 37.4010, "lng": -5.9880 },
    "valoracion_media": 4.5,
    "num_resenas": 167,
    "servicios_destacados": ["Todos los barrios", "Urgencias 24/7", "Fines de semana y festivos", "Electricistas autorizados"],
    "url_google_maps": "https://maps.app.goo.gl/elvoltiosevilla"
  },
  {
    "nombre": "Servicio Xpress Electricista Sevilla",
    "slug": "servicio-xpress-electricista-sevilla",
    "categoria_slug": "electricistas",
    "ciudad_slug": "sevilla",
    "barrio_slug": "los-remedios",
    "direccion": "Av. República Argentina, 25, 41011 Sevilla",
    "telefono": "601 895 629",
    "horario": "24 horas, 7 días",
    "coordenadas": { "lat": 37.3770, "lng": -6.0100 },
    "valoracion_media": 4.3,
    "num_resenas": 98,
    "servicios_destacados": ["Desde 60€", "Llegada en 30 min", "Sin costes ocultos", "Servicio urgente"],
    "url_google_maps": "https://maps.app.goo.gl/servicioxpresselectricistasevilla"
  },
  {
    "nombre": "ElecMálaga Alfredo",
    "slug": "elecmalaga-alfredo",
    "categoria_slug": "electricistas",
    "ciudad_slug": "malaga",
    "barrio_slug": "centro-malaga",
    "direccion": "Calle Larios, 20, 29015 Málaga",
    "telefono": "647 997 930",
    "horario": "24 horas, 7 días",
    "coordenadas": { "lat": 36.7220, "lng": -4.4220 },
    "valoracion_media": 4.7,
    "num_resenas": 312,
    "servicios_destacados": ["Desde 1989", "Instalaciones y averías", "Servicio 24h", "Electricistas profesionales"],
    "url_google_maps": "https://maps.app.goo.gl/elecmalaga"
  },
  {
    "nombre": "Electricista Málaga Net",
    "slug": "electricista-malaga-net",
    "categoria_slug": "electricistas",
    "ciudad_slug": "malaga",
    "barrio_slug": "teatinos",
    "direccion": "Bulevar Louis Pasteur, 35, 29010 Málaga",
    "telefono": "951 384 896",
    "horario": "24 horas, 7 días",
    "coordenadas": { "lat": 36.7290, "lng": -4.4690 },
    "valoracion_media": 4.5,
    "num_resenas": 178,
    "servicios_destacados": ["Certificado por 57€", "3 años de garantía", "Servicio toda la provincia", "Instalaciones certificadas"],
    "url_google_maps": "https://maps.app.goo.gl/electricistamalaganet"
  },
  {
    "nombre": "Mejores Electricistas Málaga",
    "slug": "mejores-electricistas-malaga",
    "categoria_slug": "electricistas",
    "ciudad_slug": "malaga",
    "barrio_slug": "la-malagueta",
    "direccion": "Paseo de Reding, 50, 29016 Málaga",
    "telefono": "642 676 394",
    "horario": "24 horas, 7 días",
    "coordenadas": { "lat": 36.7190, "lng": -4.4110 },
    "valoracion_media": 4.4,
    "num_resenas": 145,
    "servicios_destacados": ["Servicio 24/7", "Emergencias eléctricas", "Instalaciones nuevas", "Reparación averías"],
    "url_google_maps": "https://maps.app.goo.gl/mejoreselectricistasmalaga"
  },
  {
    "nombre": "Electricistas de Málaga",
    "slug": "electricistas-de-malaga",
    "categoria_slug": "electricistas",
    "ciudad_slug": "malaga",
    "barrio_slug": "huelin",
    "direccion": "Carretera de Cádiz, 60, 29004 Málaga",
    "telefono": "951 650 858",
    "horario": "24 horas, 7 días",
    "coordenadas": { "lat": 36.7130, "lng": -4.4410 },
    "valoracion_media": 4.3,
    "num_resenas": 98,
    "servicios_destacados": ["Urgencias 24h", "Servicio profesional", "Electricistas certificados", "Presupuesto sin compromiso"],
    "url_google_maps": "https://maps.app.goo.gl/electricistasdemalaga"
  },
  {
    "nombre": "JAM Eléctrico Málaga",
    "slug": "jam-electrico-malaga",
    "categoria_slug": "electricistas",
    "ciudad_slug": "malaga",
    "barrio_slug": "el-palo",
    "direccion": "Av. Salvador Allende, 30, 29018 Málaga",
    "telefono": "952 123 456",
    "horario": "24 horas, 7 días",
    "coordenadas": { "lat": 36.7220, "lng": -4.3710 },
    "valoracion_media": 4.5,
    "num_resenas": 112,
    "servicios_destacados": ["Reformas eléctricas", "Obra nueva", "Mantenimiento", "Solución de averías 24/7"],
    "url_google_maps": "https://maps.app.goo.gl/jamelectrico"
  },

  {
    "nombre": "Pintores Madrid EU",
    "slug": "pintores-madrid-eu",
    "categoria_slug": "pintores",
    "ciudad_slug": "madrid",
    "barrio_slug": "centro",
    "direccion": "C. de Atocha, 55, 28012 Madrid",
    "telefono": "914 567 890",
    "horario": "Lun-Sáb: 8:00-20:00",
    "coordenadas": { "lat": 40.4120, "lng": -3.6970 },
    "valoracion_media": 4.8,
    "num_resenas": 435,
    "servicios_destacados": ["Desde 2009", "Garantía 2 años", "Presupuesto en 24h", "Pintura plástica y lacado"],
    "url_google_maps": "https://maps.app.goo.gl/pintoresmadrideu"
  },
  {
    "nombre": "Pintor Es Madrid - Mariano",
    "slug": "pintor-es-madrid-mariano",
    "categoria_slug": "pintores",
    "ciudad_slug": "madrid",
    "barrio_slug": "retiro",
    "direccion": "Calle de Ibiza, 45, 28009 Madrid",
    "telefono": "678 124 723",
    "horario": "Lun-Vie: 9:00-19:00",
    "coordenadas": { "lat": 40.4195, "lng": -3.6750 },
    "valoracion_media": 4.6,
    "num_resenas": 189,
    "servicios_destacados": ["Pintura plástica y temple", "Barnizado de muebles", "Eliminación gotelé", "Decoración del hogar"],
    "url_google_maps": "https://maps.app.goo.gl/pintoresmadrid"
  },
  {
    "nombre": "Pintores Madrid Calidad",
    "slug": "pintores-madrid-calidad",
    "categoria_slug": "pintores",
    "ciudad_slug": "madrid",
    "barrio_slug": "chamberi",
    "direccion": "Calle de Fuencarral, 120, 28010 Madrid",
    "telefono": "663 477 425",
    "horario": "Lun-Vie: 9:00-20:00",
    "coordenadas": { "lat": 40.4310, "lng": -3.7030 },
    "valoracion_media": 4.7,
    "num_resenas": 234,
    "servicios_destacados": ["Materiales de alta calidad", "Protección de muebles", "Limpieza final incluida", "Desde 500€/piso 70m²"],
    "url_google_maps": "https://maps.app.goo.gl/pintoresmadridcalidad"
  },
  {
    "nombre": "JR Pintores Madrid",
    "slug": "jr-pintores-madrid",
    "categoria_slug": "pintores",
    "ciudad_slug": "madrid",
    "barrio_slug": "salamanca",
    "direccion": "Calle de Goya, 55, 28001 Madrid",
    "telefono": "912 345 678",
    "horario": "Lun-Vie: 8:00-19:00",
    "coordenadas": { "lat": 40.4260, "lng": -3.6830 },
    "valoracion_media": 4.5,
    "num_resenas": 156,
    "servicios_destacados": ["15 años de experiencia", "Pintura decorativa", "Fachadas y comunidades", "Presupuesto gratuito"],
    "url_google_maps": "https://maps.app.goo.gl/jrpintores"
  },
  {
    "nombre": "Adam Pintores Madrid",
    "slug": "adam-pintores-madrid",
    "categoria_slug": "pintores",
    "ciudad_slug": "madrid",
    "barrio_slug": "hortaleza",
    "direccion": "Calle de López de Hoyos, 170, 28043 Madrid",
    "telefono": "915 678 901",
    "horario": "Lun-Sáb: 8:00-20:00",
    "coordenadas": { "lat": 40.4680, "lng": -3.6470 },
    "valoracion_media": 4.4,
    "num_resenas": 123,
    "servicios_destacados": ["Pintores profesionales", "Oficinas y colegios", "Transporte incluido", "Flexibilidad horaria"],
    "url_google_maps": "https://maps.app.goo.gl/adampintoresmadrid"
  },
  {
    "nombre": "Pintures Barcelona",
    "slug": "pintures-barcelona",
    "categoria_slug": "pintores",
    "ciudad_slug": "barcelona",
    "barrio_slug": "eixample",
    "direccion": "Carrer del Consell de Cent, 350, 08009 Barcelona",
    "telefono": "659 867 956",
    "horario": "Lun-Vie: 8:00-19:00",
    "coordenadas": { "lat": 41.3880, "lng": 2.1620 },
    "valoracion_media": 4.6,
    "num_resenas": 198,
    "servicios_destacados": ["Pisos y oficinas", "Fachadas y jardines", "Presupuesto en llamada", "Muebles y puertas"],
    "url_google_maps": "https://maps.app.goo.gl/pinturesbarcelona"
  },
  {
    "nombre": "PintorBCN Nico Vilar",
    "slug": "pintorbcn-nico-vilar",
    "categoria_slug": "pintores",
    "ciudad_slug": "barcelona",
    "barrio_slug": "gracia",
    "direccion": "Carrer Gran de Gràcia, 90, 08012 Barcelona",
    "telefono": "638 073 210",
    "horario": "Lun-Vie: 9:00-18:00",
    "coordenadas": { "lat": 41.4020, "lng": 2.1560 },
    "valoracion_media": 4.7,
    "num_resenas": 213,
    "servicios_destacados": ["Gremio de Pintores BCN", "WhatsApp disponible", "Gràcia y Sant Gervasi", "Calidad profesional"],
    "url_google_maps": "https://maps.app.goo.gl/pintorbcn"
  },
  {
    "nombre": "Reformas Barcelona Deka Pintores",
    "slug": "reformas-barcelona-deka-pintores",
    "categoria_slug": "pintores",
    "ciudad_slug": "barcelona",
    "barrio_slug": "sants-montjuic",
    "direccion": "Carrer de Sants, 120, 08028 Barcelona",
    "telefono": "685 858 162",
    "horario": "Lun-Sáb: 8:00-20:00",
    "coordenadas": { "lat": 41.3750, "lng": 2.1500 },
    "valoracion_media": 4.5,
    "num_resenas": 178,
    "servicios_destacados": ["30 años de experiencia", "Fachadas y comunidades", "Restaurantes y hoteles", "Decoración residencial"],
    "url_google_maps": "https://maps.app.goo.gl/dekapintores"
  },
  {
    "nombre": "Pintores de Pisos Barcelona",
    "slug": "pintores-de-pisos-barcelona",
    "categoria_slug": "pintores",
    "ciudad_slug": "barcelona",
    "barrio_slug": "ciutat-vella",
    "direccion": "Carrer de la Princesa, 30, 08003 Barcelona",
    "telefono": "625 170 220",
    "horario": "Lun-Vie: 8:00-18:00",
    "coordenadas": { "lat": 41.3830, "lng": 2.1700 },
    "valoracion_media": 4.6,
    "num_resenas": 245,
    "servicios_destacados": ["20 años de experiencia", "Ferias y congresos", "Grandes empresas", "Apartamentos y casas"],
    "url_google_maps": "https://maps.app.goo.gl/pintoresdepisos"
  },
  {
    "nombre": "Pintores BCN Eixample",
    "slug": "pintores-bcn-eixample",
    "categoria_slug": "pintores",
    "ciudad_slug": "barcelona",
    "barrio_slug": "sarria-sant-gervasi",
    "direccion": "Carrer de Muntaner, 300, 08021 Barcelona",
    "telefono": "628 863 558",
    "horario": "Lun-Vie: 9:00-19:00",
    "coordenadas": { "lat": 41.3990, "lng": 2.1350 },
    "valoracion_media": 4.4,
    "num_resenas": 134,
    "servicios_destacados": ["30 años de experiencia", "Pisos y locales", "Pintor económico", "Oficinas y comercios"],
    "url_google_maps": "https://maps.app.goo.gl/pintoresbcneixample"
  },
  {
    "nombre": "Pintores Valencia",
    "slug": "pintores-valencia",
    "categoria_slug": "pintores",
    "ciudad_slug": "valencia",
    "barrio_slug": "ruzafa",
    "direccion": "Carrer de Sueca, 55, 46006 Valencia",
    "telefono": "722 208 131",
    "horario": "Lun-Vie: 8:00-20:00",
    "coordenadas": { "lat": 39.4600, "lng": -0.3700 },
    "valoracion_media": 4.6,
    "num_resenas": 198,
    "servicios_destacados": ["10 años de experiencia", "Pintura interior y exterior", "Presupuesto gratuito", "Ruzafa y Patraix"],
    "url_google_maps": "https://maps.app.goo.gl/pintoresvalencia"
  },
  {
    "nombre": "Caubal Pintores Valencia",
    "slug": "caubal-pintores-valencia",
    "categoria_slug": "pintores",
    "ciudad_slug": "valencia",
    "barrio_slug": "ciutat-vella-valencia",
    "direccion": "Carrer de la Pau, 30, 46003 Valencia",
    "telefono": "963 456 789",
    "horario": "Lun-Vie: 9:00-19:00",
    "coordenadas": { "lat": 39.4740, "lng": -0.3760 },
    "valoracion_media": 4.7,
    "num_resenas": 177,
    "servicios_destacados": ["Fachadas y locales", "Impermeabilización terrazas", "Clientes satisfechos", "Presupuesto gratuito"],
    "url_google_maps": "https://maps.app.goo.gl/caubalpintores"
  },
  {
    "nombre": "Pintserceba Valencia",
    "slug": "pintserceba-valencia",
    "categoria_slug": "pintores",
    "ciudad_slug": "valencia",
    "barrio_slug": "eixample-valencia",
    "direccion": "Carrer de Colón, 70, 46004 Valencia",
    "telefono": "961 234 567",
    "horario": "Lun-Vie: 8:00-18:00",
    "coordenadas": { "lat": 39.4660, "lng": -0.3730 },
    "valoracion_media": 4.5,
    "num_resenas": 145,
    "servicios_destacados": ["25 años de experiencia", "Alisado de paredes", "Revestimientos", "Precios competitivos"],
    "url_google_maps": "https://maps.app.goo.gl/pintserceba"
  },
  {
    "nombre": "VGM Pintores Valencia",
    "slug": "vgm-pintores-valencia",
    "categoria_slug": "pintores",
    "ciudad_slug": "valencia",
    "barrio_slug": "benimaclet",
    "direccion": "Carrer d'Emili Baró, 30, 46020 Valencia",
    "telefono": "678 487 810",
    "horario": "Lun-Sáb: 8:00-19:00",
    "coordenadas": { "lat": 39.4850, "lng": -0.3610 },
    "valoracion_media": 4.4,
    "num_resenas": 98,
    "servicios_destacados": ["Técnicas especializadas", "Barnizado", "Restauraciones", "Acabados personalizados"],
    "url_google_maps": "https://maps.app.goo.gl/vgmpintores"
  },
  {
    "nombre": "Pintor Valencia Tot Repara",
    "slug": "pintor-valencia-tot-repara",
    "categoria_slug": "pintores",
    "ciudad_slug": "valencia",
    "barrio_slug": "patraix",
    "direccion": "Carrer de Fontanars dels Alforins, 60, 46018 Valencia",
    "telefono": "963 173 329",
    "horario": "Lun-Vie: 8:00-20:00",
    "coordenadas": { "lat": 39.4590, "lng": -0.3910 },
    "valoracion_media": 4.3,
    "num_resenas": 87,
    "servicios_destacados": ["20 años de experiencia", "Interior y exterior", "Presupuesto gratuito", "Pisos y locales"],
    "url_google_maps": "https://maps.app.goo.gl/pintorvalencia"
  },
  {
    "nombre": "Pintores JM Sevilla",
    "slug": "pintores-jm-sevilla",
    "categoria_slug": "pintores",
    "ciudad_slug": "sevilla",
    "barrio_slug": "triana",
    "direccion": "Calle San Jacinto, 60, 41010 Sevilla",
    "telefono": "603 046 916",
    "horario": "Lun-Vie: 8:00-21:00",
    "coordenadas": { "lat": 37.3830, "lng": -6.0060 },
    "valoracion_media": 4.6,
    "num_resenas": 198,
    "servicios_destacados": ["15 años de experiencia", "Fachadas", "Trabajos verticales", "Impermeabilización"],
    "url_google_maps": "https://maps.app.goo.gl/pintoresjmsevilla"
  },
  {
    "nombre": "Pintores DS Sevilla",
    "slug": "pintores-ds-sevilla",
    "categoria_slug": "pintores",
    "ciudad_slug": "sevilla",
    "barrio_slug": "nervion",
    "direccion": "Av. de Eduardo Dato, 40, 41005 Sevilla",
    "telefono": "626 500 745",
    "horario": "Lun-Vie: 8:00-20:00",
    "coordenadas": { "lat": 37.3890, "lng": -5.9710 },
    "valoracion_media": 4.7,
    "num_resenas": 234,
    "servicios_destacados": ["20 años de experiencia", "Alta decoración", "Estuco veneciano", "Jaspeados y trapeados"],
    "url_google_maps": "https://maps.app.goo.gl/pintoresdssevilla"
  },
  {
    "nombre": "Pinturas Trillo Sevilla",
    "slug": "pinturas-trillo-sevilla",
    "categoria_slug": "pintores",
    "ciudad_slug": "sevilla",
    "barrio_slug": "centro-sevilla",
    "direccion": "Calle Sierpes, 50, 41004 Sevilla",
    "telefono": "954 234 567",
    "horario": "Lun-Vie: 8:00-19:00",
    "coordenadas": { "lat": 37.3890, "lng": -5.9960 },
    "valoracion_media": 4.5,
    "num_resenas": 167,
    "servicios_destacados": ["40 años de experiencia", "Toda Andalucía", "Financiación hasta 90 meses", "Comunidades de vecinos"],
    "url_google_maps": "https://maps.app.goo.gl/pinturastrillosevilla"
  },
  {
    "nombre": "Revestimientos Pintasur",
    "slug": "revestimientos-pintasur",
    "categoria_slug": "pintores",
    "ciudad_slug": "sevilla",
    "barrio_slug": "macarena",
    "direccion": "C/ Las Melias, 40, P.I. Parsi, 41016 Sevilla",
    "telefono": "954 975 075",
    "horario": "Lun-Vie: 8:00-18:00",
    "coordenadas": { "lat": 37.4010, "lng": -5.9880 },
    "valoracion_media": 4.4,
    "num_resenas": 112,
    "servicios_destacados": ["Revestimientos especiales", "Pintura industrial", "Fachadas", "Tratamientos impermeables"],
    "url_google_maps": "https://maps.app.goo.gl/pintasursevilla"
  },
  {
    "nombre": "HISPALIS Pintores Sevilla",
    "slug": "hispalis-pintores-sevilla",
    "categoria_slug": "pintores",
    "ciudad_slug": "sevilla",
    "barrio_slug": "los-remedios",
    "direccion": "Av. República Argentina, 40, 41011 Sevilla",
    "telefono": "621 345 678",
    "horario": "Lun-Sáb: 8:00-20:00",
    "coordenadas": { "lat": 37.3770, "lng": -6.0100 },
    "valoracion_media": 4.5,
    "num_resenas": 145,
    "servicios_destacados": ["Interior y exterior", "Locales comerciales", "Particulares", "Larga experiencia"],
    "url_google_maps": "https://maps.app.goo.gl/hispalispintores"
  },
  {
    "nombre": "MLG Pintores Málaga",
    "slug": "mlg-pintores-malaga",
    "categoria_slug": "pintores",
    "ciudad_slug": "malaga",
    "barrio_slug": "centro-malaga",
    "direccion": "Calle Larios, 25, 29015 Málaga",
    "telefono": "658 784 427",
    "horario": "Lun-Sáb: 8:00-20:00",
    "coordenadas": { "lat": 36.7220, "lng": -4.4220 },
    "valoracion_media": 4.6,
    "num_resenas": 198,
    "servicios_destacados": ["Pintura a domicilio", "Alisado de paredes", "Quitar gotelé", "Esmaltar azulejos"],
    "url_google_maps": "https://maps.app.goo.gl/mlgpintores"
  },
  {
    "nombre": "Málaga Pintores Teatinos",
    "slug": "malaga-pintores-teatinos",
    "categoria_slug": "pintores",
    "ciudad_slug": "malaga",
    "barrio_slug": "teatinos",
    "direccion": "Bulevar Louis Pasteur, 40, 29010 Málaga",
    "telefono": "665 384 529",
    "horario": "Lun-Sáb: 8:00-19:00",
    "coordenadas": { "lat": 36.7290, "lng": -4.4690 },
    "valoracion_media": 4.5,
    "num_resenas": 145,
    "servicios_destacados": ["Pintores directos", "Sin intermediarios", "Alisados y escayola", "Pladur y pintura"],
    "url_google_maps": "https://maps.app.goo.gl/malagapintores"
  },
  {
    "nombre": "Pintor Málaga Daniel Silva",
    "slug": "pintor-malaga-daniel-silva",
    "categoria_slug": "pintores",
    "ciudad_slug": "malaga",
    "barrio_slug": "la-malagueta",
    "direccion": "Paseo de Reding, 45, 29016 Málaga",
    "telefono": "657 846 944",
    "horario": "Lun-Sáb: 8:00-20:00",
    "coordenadas": { "lat": 36.7190, "lng": -4.4110 },
    "valoracion_media": 4.4,
    "num_resenas": 134,
    "servicios_destacados": ["Pintor económico", "Reformas integrales", "Interior y exterior", "Locales y viviendas"],
    "url_google_maps": "https://maps.app.goo.gl/pintormalagadaniel"
  },
  {
    "nombre": "Pintor en Málaga 25 Años",
    "slug": "pintor-en-malaga-25-anos",
    "categoria_slug": "pintores",
    "ciudad_slug": "malaga",
    "barrio_slug": "huelin",
    "direccion": "Carretera de Cádiz, 70, 29004 Málaga",
    "telefono": "671 494 949",
    "horario": "Lun-Vie: 8:00-19:00",
    "coordenadas": { "lat": 36.7130, "lng": -4.4410 },
    "valoracion_media": 4.5,
    "num_resenas": 167,
    "servicios_destacados": ["25 años de experiencia", "Fachadas de edificios", "Comunidades y locales", "Obra nueva"],
    "url_google_maps": "https://maps.app.goo.gl/pintormalaga25"
  },
  {
    "nombre": "Espinar Pinturas Málaga",
    "slug": "espinar-pinturas-malaga",
    "categoria_slug": "pintores",
    "ciudad_slug": "malaga",
    "barrio_slug": "el-palo",
    "direccion": "Av. Salvador Allende, 35, 29018 Málaga",
    "telefono": "951 456 789",
    "horario": "Lun-Vie: 8:00-18:00",
    "coordenadas": { "lat": 36.7220, "lng": -4.3710 },
    "valoracion_media": 4.3,
    "num_resenas": 98,
    "servicios_destacados": ["30 años en el sector", "Rehabilitación de fachadas", "Pintura industrial", "Trabajos verticales"],
    "url_google_maps": "https://maps.app.goo.gl/espinarpinturas"
  },

  {
    "nombre": "Limpieza de la Abuela Madrid",
    "slug": "limpieza-de-la-abuela-madrid",
    "categoria_slug": "limpieza",
    "ciudad_slug": "madrid",
    "barrio_slug": "chamberi",
    "direccion": "Calle de Fuencarral, 80, 28004 Madrid",
    "telefono": "518 880 339",
    "horario": "24 horas, 7 días",
    "coordenadas": { "lat": 40.4300, "lng": -3.7020 },
    "valoracion_media": 4.6,
    "num_resenas": 400,
    "servicios_destacados": ["Productos ecológicos", "Herramientas profesionales", "Todo incluido", "Sin sorpresas"],
    "url_google_maps": "https://maps.app.goo.gl/limpiezaabuelamadrid"
  },
  {
    "nombre": "Cubos Chamberí Limpiezas",
    "slug": "cubos-chamberi-limpiezas",
    "categoria_slug": "limpieza",
    "ciudad_slug": "madrid",
    "barrio_slug": "centro",
    "direccion": "Calle de José Abascal, 23, 1º B, 28003 Madrid",
    "telefono": "914 458 518",
    "horario": "Lun-Vie: 7:00-21:00",
    "coordenadas": { "lat": 40.4360, "lng": -3.6980 },
    "valoracion_media": 4.5,
    "num_resenas": 198,
    "servicios_destacados": ["10 años de experiencia", "Recogida de cubos", "Limpieza de oficinas", "Garajes y comunidades"],
    "url_google_maps": "https://maps.app.goo.gl/cuboschamberi"
  },
  {
    "nombre": "Limpiezas Termy Madrid",
    "slug": "limpiezas-termy-madrid",
    "categoria_slug": "limpieza",
    "ciudad_slug": "madrid",
    "barrio_slug": "salamanca",
    "direccion": "Calle de Velázquez, 50, 28001 Madrid",
    "telefono": "917 922 551",
    "horario": "Lun-Sáb: 7:00-22:00",
    "coordenadas": { "lat": 40.4280, "lng": -3.6830 },
    "valoracion_media": 4.4,
    "num_resenas": 156,
    "servicios_destacados": ["Limpieza profesional", "Oficinas y comunidades", "Estándares de excelencia", "Sin compromiso"],
    "url_google_maps": "https://maps.app.goo.gl/limpiezastermy"
  },
  {
    "nombre": "Limpiezas Express Madrid",
    "slug": "limpiezas-express-madrid",
    "categoria_slug": "limpieza",
    "ciudad_slug": "madrid",
    "barrio_slug": "retiro",
    "direccion": "Calle del Doctor Laguna, 4, 28009 Madrid",
    "telefono": "913 456 789",
    "horario": "Lun-Sáb: 8:00-20:00",
    "coordenadas": { "lat": 40.4100, "lng": -3.6830 },
    "valoracion_media": 4.5,
    "num_resenas": 234,
    "servicios_destacados": ["Desde 2006", "Limpieza a fondo en un día", "Mudanzas y reformas", "Toda España"],
    "url_google_maps": "https://maps.app.goo.gl/limpiezasexpressmadrid"
  },
  {
    "nombre": "FServices Limpieza Madrid",
    "slug": "fservices-limpieza-madrid",
    "categoria_slug": "limpieza",
    "ciudad_slug": "madrid",
    "barrio_slug": "hortaleza",
    "direccion": "Calle de López de Hoyos, 160, 28043 Madrid",
    "telefono": "900 123 456",
    "horario": "Lun-Vie: 7:00-21:00",
    "coordenadas": { "lat": 40.4680, "lng": -3.6480 },
    "valoracion_media": 4.3,
    "num_resenas": 112,
    "servicios_destacados": ["Presupuestos claros", "Sin permanencias", "Oficinas y comunidades", "Limpieza industrial"],
    "url_google_maps": "https://maps.app.goo.gl/fservicesmadrid"
  },
  {
    "nombre": "Servimos Limpiezas Barcelona",
    "slug": "servimos-limpiezas-barcelona",
    "categoria_slug": "limpieza",
    "ciudad_slug": "barcelona",
    "barrio_slug": "gracia",
    "direccion": "C/ de Sardenya, 477-481, local, 08025 Barcelona",
    "telefono": "932 840 568",
    "horario": "Lun-Vie: 9:00-18:00",
    "coordenadas": { "lat": 41.4020, "lng": 2.1570 },
    "valoracion_media": 4.6,
    "num_resenas": 198,
    "servicios_destacados": ["Comunidades y oficinas", "Ciutat Vella a Gràcia", "Limpieza personalizada", "Equipo profesional"],
    "url_google_maps": "https://maps.app.goo.gl/servimoslimpiezas"
  },
  {
    "nombre": "FServicios Limpieza Barcelona",
    "slug": "fservicios-limpieza-barcelona",
    "categoria_slug": "limpieza",
    "ciudad_slug": "barcelona",
    "barrio_slug": "eixample",
    "direccion": "Carrer del Consell de Cent, 400, 08009 Barcelona",
    "telefono": "900 107 938",
    "horario": "Lun-Vie: 7:00-21:00",
    "coordenadas": { "lat": 41.3880, "lng": 2.1620 },
    "valoracion_media": 4.5,
    "num_resenas": 167,
    "servicios_destacados": ["Eixample y Gràcia", "Oficinas y comunidades", "Presupuestos claros", "Sin permanencias"],
    "url_google_maps": "https://maps.app.goo.gl/fserviciosbcn"
  },
  {
    "nombre": "Grupo EULEN Limpieza BCN",
    "slug": "grupo-eulen-limpieza-bcn",
    "categoria_slug": "limpieza",
    "ciudad_slug": "barcelona",
    "barrio_slug": "sants-montjuic",
    "direccion": "Carrer de Sants, 150, 08028 Barcelona",
    "telefono": "934 567 890",
    "horario": "24 horas, 7 días",
    "coordenadas": { "lat": 41.3750, "lng": 2.1500 },
    "valoracion_media": 4.4,
    "num_resenas": 345,
    "servicios_destacados": ["60 años de experiencia", "Oficinas y hospitales", "Hoteles y comunidades", "Flexible y adaptado"],
    "url_google_maps": "https://maps.app.goo.gl/eulenbcn"
  },
  {
    "nombre": "Fifty Soluciones Limpieza",
    "slug": "fifty-soluciones-limpieza",
    "categoria_slug": "limpieza",
    "ciudad_slug": "barcelona",
    "barrio_slug": "ciutat-vella",
    "direccion": "Plaça Catalunya, 1, planta 4 B, 08002 Barcelona",
    "telefono": "933 456 789",
    "horario": "Lun-Sáb: 7:00-21:00",
    "coordenadas": { "lat": 41.3860, "lng": 2.1700 },
    "valoracion_media": 4.3,
    "num_resenas": 123,
    "servicios_destacados": ["Oficinas y hoteles", "Servicio doméstico", "Limpieza de edificios", "Barcelona centro"],
    "url_google_maps": "https://maps.app.goo.gl/fiftysoluciones"
  },
  {
    "nombre": "Raynet Neteges Barcelona",
    "slug": "raynet-neteges-barcelona",
    "categoria_slug": "limpieza",
    "ciudad_slug": "barcelona",
    "barrio_slug": "sarria-sant-gervasi",
    "direccion": "Carrer de Muntaner, 350, 08021 Barcelona",
    "telefono": "683 386 145",
    "horario": "Lun-Sáb: 7:00-20:00",
    "coordenadas": { "lat": 41.3990, "lng": 2.1350 },
    "valoracion_media": 4.5,
    "num_resenas": 145,
    "servicios_destacados": ["Limpieza fin de obra", "Especialistas profesionales", "Barcelona y alrededores", "Presupuesto gratuito"],
    "url_google_maps": "https://maps.app.goo.gl/raynetneteges"
  },
  {
    "nombre": "Alborch Limpiezas Valencia",
    "slug": "alborch-limpiezas-valencia",
    "categoria_slug": "limpieza",
    "ciudad_slug": "valencia",
    "barrio_slug": "ciutat-vella-valencia",
    "direccion": "Carrer de la Pau, 35, 46003 Valencia",
    "telefono": "963 822 526",
    "horario": "Lun-Sáb: 7:00-21:00",
    "coordenadas": { "lat": 39.4740, "lng": -0.3760 },
    "valoracion_media": 4.7,
    "num_resenas": 312,
    "servicios_destacados": ["70 años de experiencia", "Sector público y privado", "Soluciones personalizadas", "Toda Valencia"],
    "url_google_maps": "https://maps.app.goo.gl/alborchlimpiezas"
  },
  {
    "nombre": "El Rayo del Amanecer Valencia",
    "slug": "el-rayo-del-amanecer-valencia",
    "categoria_slug": "limpieza",
    "ciudad_slug": "valencia",
    "barrio_slug": "ruzafa",
    "direccion": "Carrer de Sueca, 60, 46006 Valencia",
    "telefono": "963 456 789",
    "horario": "Lun-Sáb: 6:00-22:00",
    "coordenadas": { "lat": 39.4600, "lng": -0.3700 },
    "valoracion_media": 4.5,
    "num_resenas": 167,
    "servicios_destacados": ["Limpieza integral", "Mantenimiento", "Control de plagas", "Valencia y Castellón"],
    "url_google_maps": "https://maps.app.goo.gl/elrayodelamanecer"
  },
  {
    "nombre": "Limpiezas Ballester Valencia",
    "slug": "limpiezas-ballester-valencia",
    "categoria_slug": "limpieza",
    "ciudad_slug": "valencia",
    "barrio_slug": "eixample-valencia",
    "direccion": "Carrer de Colón, 75, 46004 Valencia",
    "telefono": "961 567 890",
    "horario": "Lun-Vie: 7:00-20:00",
    "coordenadas": { "lat": 39.4660, "lng": -0.3730 },
    "valoracion_media": 4.4,
    "num_resenas": 134,
    "servicios_destacados": ["20 años de experiencia", "Valencia y Alicante", "Comunidades y oficinas", "Limpieza profesional"],
    "url_google_maps": "https://maps.app.goo.gl/limpiezasballester"
  },
  {
    "nombre": "Interdomicilio Limpieza Valencia",
    "slug": "interdomicilio-limpieza-valencia",
    "categoria_slug": "limpieza",
    "ciudad_slug": "valencia",
    "barrio_slug": "benimaclet",
    "direccion": "Carrer d'Emili Baró, 35, 46020 Valencia",
    "telefono": "900 877 977",
    "horario": "Lun-Sáb: 8:00-20:00",
    "coordenadas": { "lat": 39.4850, "lng": -0.3610 },
    "valoracion_media": 4.6,
    "num_resenas": 198,
    "servicios_destacados": ["Premio Mejor Servicio 2025", "Limpieza doméstica", "Personal de plantilla", "Servicio flexible"],
    "url_google_maps": "https://maps.app.goo.gl/interdomiciliovalencia"
  },
  {
    "nombre": "Limcamar Valencia",
    "slug": "limcamar-valencia",
    "categoria_slug": "limpieza",
    "ciudad_slug": "valencia",
    "barrio_slug": "patraix",
    "direccion": "Carrer de Fontanars dels Alforins, 55, 46018 Valencia",
    "telefono": "902 281 313",
    "horario": "Lun-Vie: 7:00-21:00",
    "coordenadas": { "lat": 39.4590, "lng": -0.3910 },
    "valoracion_media": 4.4,
    "num_resenas": 145,
    "servicios_destacados": ["25 años de experiencia", "Edificios y oficinas", "Retail y centros comerciales", "Industria compleja"],
    "url_google_maps": "https://maps.app.goo.gl/limcamarvalencia"
  },
  {
    "nombre": "Limpiezas Crin Triana 96",
    "slug": "limpiezas-crin-triana-96",
    "categoria_slug": "limpieza",
    "ciudad_slug": "sevilla",
    "barrio_slug": "triana",
    "direccion": "Calle Esperanza de Triana, 30, 41010 Sevilla",
    "telefono": "954 345 678",
    "horario": "Lun-Sáb: 6:00-22:00",
    "coordenadas": { "lat": 37.3830, "lng": -6.0060 },
    "valoracion_media": 4.6,
    "num_resenas": 234,
    "servicios_destacados": ["33 años de experiencia", "Pulido y acristalado", "Mantenimiento integral", "Edificios completos"],
    "url_google_maps": "https://maps.app.goo.gl/limpiezascrintriana"
  },
  {
    "nombre": "Sevillana de Limpieza",
    "slug": "sevillana-de-limpieza",
    "categoria_slug": "limpieza",
    "ciudad_slug": "sevilla",
    "barrio_slug": "nervion",
    "direccion": "Av. de Eduardo Dato, 45, 41005 Sevilla",
    "telefono": "647 895 819",
    "horario": "Lun-Sáb: 7:00-21:00",
    "coordenadas": { "lat": 37.3890, "lng": -5.9710 },
    "valoracion_media": 4.5,
    "num_resenas": 178,
    "servicios_destacados": ["100+ comunidades", "Protocolos claros", "Horarios adaptados", "Triana y Nervión"],
    "url_google_maps": "https://maps.app.goo.gl/sevillanadelimpieza"
  },
  {
    "nombre": "Limpiezas La Trinidad Sevilla",
    "slug": "limpiezas-la-trinidad-sevilla",
    "categoria_slug": "limpieza",
    "ciudad_slug": "sevilla",
    "barrio_slug": "centro-sevilla",
    "direccion": "Calle Sierpes, 55, 41004 Sevilla",
    "telefono": "954 336 669",
    "horario": "Lun-Sáb: 6:00-22:00",
    "coordenadas": { "lat": 37.3890, "lng": -5.9960 },
    "valoracion_media": 4.7,
    "num_resenas": 312,
    "servicios_destacados": ["37 años de experiencia", "Agencia de limpieza", "Servicios integrales", "Empresa reconocida"],
    "url_google_maps": "https://maps.app.goo.gl/limpiezaslatrinidad"
  },
  {
    "nombre": "Avantia 2000 Limpieza Sevilla",
    "slug": "avantia-2000-limpieza-sevilla",
    "categoria_slug": "limpieza",
    "ciudad_slug": "sevilla",
    "barrio_slug": "macarena",
    "direccion": "C/ Virgen de la Antigua, 7, Local A, 41011 Sevilla",
    "telefono": "954 150 621",
    "horario": "Lun-Vie: 7:00-20:00",
    "coordenadas": { "lat": 37.4010, "lng": -5.9880 },
    "valoracion_media": 4.4,
    "num_resenas": 134,
    "servicios_destacados": ["Especialistas comunidades", "Limpieza profesional", "Equipos cualificados", "Presupuesto gratuito"],
    "url_google_maps": "https://maps.app.goo.gl/avantia2000"
  },
  {
    "nombre": "Grupo Serliman Sevilla",
    "slug": "grupo-serliman-sevilla",
    "categoria_slug": "limpieza",
    "ciudad_slug": "sevilla",
    "barrio_slug": "los-remedios",
    "direccion": "Calle Pino Rojo, 3, Pol. Ind. El Pino, 41016 Sevilla",
    "telefono": "954 660 050",
    "horario": "Lun-Vie: 7:00-21:00",
    "coordenadas": { "lat": 37.3770, "lng": -6.0100 },
    "valoracion_media": 4.5,
    "num_resenas": 198,
    "servicios_destacados": ["35 años en el mercado", "Sevilla, Cádiz, Málaga", "Jardinería incluida", "Mantenimiento de edificios"],
    "url_google_maps": "https://maps.app.goo.gl/gruposerliman"
  },
  {
    "nombre": "Limpieza de la Abuela Málaga",
    "slug": "limpieza-de-la-abuela-malaga",
    "categoria_slug": "limpieza",
    "ciudad_slug": "malaga",
    "barrio_slug": "teatinos",
    "direccion": "Bulevar Louis Pasteur, 45, 29010 Málaga",
    "telefono": "518 880 339",
    "horario": "24 horas, 7 días",
    "coordenadas": { "lat": 36.7290, "lng": -4.4690 },
    "valoracion_media": 4.6,
    "num_resenas": 400,
    "servicios_destacados": ["10 años de experiencia", "100+ casas en Teatinos", "Productos ecológicos", "Servicio flexible"],
    "url_google_maps": "https://maps.app.goo.gl/limpiezaabuelamalaga"
  },
  {
    "nombre": "Limpiezas Castor Málaga",
    "slug": "limpiezas-castor-malaga",
    "categoria_slug": "limpieza",
    "ciudad_slug": "malaga",
    "barrio_slug": "centro-malaga",
    "direccion": "C. Elena Soriano, 15, 29006 Málaga",
    "telefono": "952 345 678",
    "horario": "Lun-Sáb: 6:00-22:00",
    "coordenadas": { "lat": 36.7220, "lng": -4.4220 },
    "valoracion_media": 4.7,
    "num_resenas": 345,
    "servicios_destacados": ["30 años de experiencia", "1700+ clientes", "Líder nacional", "Espacios públicos y privados"],
    "url_google_maps": "https://maps.app.goo.gl/limpiezascastor"
  },
  {
    "nombre": "Grupo Limsama Málaga",
    "slug": "grupo-limsama-malaga",
    "categoria_slug": "limpieza",
    "ciudad_slug": "malaga",
    "barrio_slug": "la-malagueta",
    "direccion": "C. la Orotava, 113, 29006 Málaga",
    "telefono": "952 456 789",
    "horario": "Lun-Vie: 7:00-20:00",
    "coordenadas": { "lat": 36.7190, "lng": -4.4110 },
    "valoracion_media": 4.4,
    "num_resenas": 178,
    "servicios_destacados": ["Málaga y Madrid", "Equipos locales", "Mantenimiento y pintura", "Reformas e interiorismo"],
    "url_google_maps": "https://maps.app.goo.gl/limsamamalaga"
  },
  {
    "nombre": "Secrilim Málaga",
    "slug": "secrilim-malaga",
    "categoria_slug": "limpieza",
    "ciudad_slug": "malaga",
    "barrio_slug": "huelin",
    "direccion": "Carretera de Cádiz, 75, 29004 Málaga",
    "telefono": "952 567 890",
    "horario": "Lun-Sáb: 6:00-22:00",
    "coordenadas": { "lat": 36.7130, "lng": -4.4410 },
    "valoracion_media": 4.5,
    "num_resenas": 198,
    "servicios_destacados": ["35 años de experiencia", "Comunidades y oficinas", "Piscinas y jardines", "Pulido de suelos"],
    "url_google_maps": "https://maps.app.goo.gl/secrilimmalaga"
  },
  {
    "nombre": "Interdomicilio Limpieza Málaga",
    "slug": "interdomicilio-limpieza-malaga",
    "categoria_slug": "limpieza",
    "ciudad_slug": "malaga",
    "barrio_slug": "el-palo",
    "direccion": "Av. Salvador Allende, 40, 29018 Málaga",
    "telefono": "900 877 977",
    "horario": "Lun-Sáb: 8:00-20:00",
    "coordenadas": { "lat": 36.7220, "lng": -4.3710 },
    "valoracion_media": 4.5,
    "num_resenas": 156,
    "servicios_destacados": ["Premio Mejor Servicio 2025", "Limpieza doméstica", "Selección de personal", "Servicio a medida"],
    "url_google_maps": "https://maps.app.goo.gl/interdomiciliomalaga"
  },

  {
    "nombre": "Gubertec Reformas Madrid",
    "slug": "gubertec-reformas-madrid",
    "categoria_slug": "reformas",
    "ciudad_slug": "madrid",
    "barrio_slug": "chamberi",
    "direccion": "Cea Bermúdez, 14, 28003 Madrid",
    "telefono": "912 798 055",
    "horario": "Lun-Vie: 9:00-20:00",
    "coordenadas": { "lat": 40.4380, "lng": -3.7050 },
    "valoracion_media": 4.7,
    "num_resenas": 289,
    "servicios_destacados": ["40 años de experiencia", "Rehabilitación completa", "Reforma integral", "Mantenimiento"],
    "url_google_maps": "https://maps.app.goo.gl/gubertecreformas"
  },
  {
    "nombre": "Aquí Tu Reforma Madrid",
    "slug": "aqui-tu-reforma-madrid",
    "categoria_slug": "reformas",
    "ciudad_slug": "madrid",
    "barrio_slug": "centro",
    "direccion": "C. de Fernando el Católico, 8, 28015 Madrid",
    "telefono": "915 678 901",
    "horario": "Lun-Sáb: 10:00-20:00",
    "coordenadas": { "lat": 40.4310, "lng": -3.7150 },
    "valoracion_media": 4.6,
    "num_resenas": 198,
    "servicios_destacados": ["Showroom de materiales", "Primera calidad", "Diseño personalizado", "Reforma de cocinas"],
    "url_google_maps": "https://maps.app.goo.gl/aquitureformamadrid"
  },
  {
    "nombre": "Reforcam Reformas Madrid",
    "slug": "reforcam-reformas-madrid",
    "categoria_slug": "reformas",
    "ciudad_slug": "madrid",
    "barrio_slug": "salamanca",
    "direccion": "Calle de Goya, 70, 28001 Madrid",
    "telefono": "911 081 778",
    "horario": "Lun-Vie: 9:00-19:00",
    "coordenadas": { "lat": 40.4260, "lng": -3.6830 },
    "valoracion_media": 4.5,
    "num_resenas": 167,
    "servicios_destacados": ["Albañilería y pintura", "Carpintería", "Electricidad y fontanería", "Cocinas y baños"],
    "url_google_maps": "https://maps.app.goo.gl/reforcam"
  },
  {
    "nombre": "Reformas RenovaMadrid",
    "slug": "reformas-renovamadrid",
    "categoria_slug": "reformas",
    "ciudad_slug": "madrid",
    "barrio_slug": "retiro",
    "direccion": "C. de López de Hoyos, 160, 28002 Madrid",
    "telefono": "914 567 890",
    "horario": "Lun-Vie: 9:00-20:30, Sáb: 9:00-14:00",
    "coordenadas": { "lat": 40.4100, "lng": -3.6830 },
    "valoracion_media": 4.6,
    "num_resenas": 234,
    "servicios_destacados": ["20 años de profesión", "Reforma integral", "Interiorismo", "Toda la capital"],
    "url_google_maps": "https://maps.app.goo.gl/renovamadrid"
  },
  {
    "nombre": "Reformaplus Madrid",
    "slug": "reformaplus-madrid",
    "categoria_slug": "reformas",
    "ciudad_slug": "madrid",
    "barrio_slug": "hortaleza",
    "direccion": "Calle de López de Hoyos, 190, 28043 Madrid",
    "telefono": "916 789 012",
    "horario": "Lun-Vie: 10:00-19:00",
    "coordenadas": { "lat": 40.4680, "lng": -3.6480 },
    "valoracion_media": 4.4,
    "num_resenas": 145,
    "servicios_destacados": ["Showroom en Chamberí", "Calidad asegurada", "Sistemas automatizados", "Reforma de vivienda"],
    "url_google_maps": "https://maps.app.goo.gl/reformaplus"
  },
  {
    "nombre": "Grup de Reformes Barcelona",
    "slug": "grup-de-reformes-barcelona",
    "categoria_slug": "reformas",
    "ciudad_slug": "barcelona",
    "barrio_slug": "eixample",
    "direccion": "Calle Penedès, 1, Bajos, 08012 Barcelona",
    "telefono": "931 851 769",
    "horario": "Lun-Vie: 9:00-19:00",
    "coordenadas": { "lat": 41.3880, "lng": 2.1610 },
    "valoracion_media": 4.6,
    "num_resenas": 234,
    "servicios_destacados": ["Eixample y Gràcia", "450-1500€/m²", "Presupuesto personalizado", "Reforma integral"],
    "url_google_maps": "https://maps.app.goo.gl/grupdereformes"
  },
  {
    "nombre": "Reformas Barcelona Deka",
    "slug": "reformas-barcelona-deka",
    "categoria_slug": "reformas",
    "ciudad_slug": "barcelona",
    "barrio_slug": "gracia",
    "direccion": "Carrer Gran de Gràcia, 100, 08012 Barcelona",
    "telefono": "685 858 162",
    "horario": "Lun-Sáb: 8:00-20:00",
    "coordenadas": { "lat": 41.4020, "lng": 2.1560 },
    "valoracion_media": 4.5,
    "num_resenas": 189,
    "servicios_destacados": ["20 años de experiencia", "Casas y locales", "Apartamentos", "Comunidades de propietarios"],
    "url_google_maps": "https://maps.app.goo.gl/reformasdeka"
  },
  {
    "nombre": "ENCAINTERIORS Barcelona",
    "slug": "encainteriors-barcelona",
    "categoria_slug": "reformas",
    "ciudad_slug": "barcelona",
    "barrio_slug": "sants-montjuic",
    "direccion": "Carrer de les Corts, 3, 08028 Barcelona",
    "telefono": "933 309 294",
    "horario": "Lun-Vie: 10:00-19:00",
    "coordenadas": { "lat": 41.3750, "lng": 2.1500 },
    "valoracion_media": 4.7,
    "num_resenas": 267,
    "servicios_destacados": ["Interiorismo a medida", "Reforma integral", "Sagrada Familia y Eixample", "Diseño personalizado"],
    "url_google_maps": "https://maps.app.goo.gl/encainteriors"
  },
  {
    "nombre": "Accesible Reformas BCN",
    "slug": "accesible-reformas-bcn",
    "categoria_slug": "reformas",
    "ciudad_slug": "barcelona",
    "barrio_slug": "ciutat-vella",
    "direccion": "Carrer de Bailén, 50, 08010 Barcelona",
    "telefono": "934 567 890",
    "horario": "Lun-Vie: 9:00-18:00",
    "coordenadas": { "lat": 41.3840, "lng": 2.1700 },
    "valoracion_media": 4.4,
    "num_resenas": 156,
    "servicios_destacados": ["Especialistas en Gràcia", "Clásico y contemporáneo", "Boom inmobiliario", "Calle Bailén"],
    "url_google_maps": "https://maps.app.goo.gl/accesiblereformas"
  },
  {
    "nombre": "Aram Interiors Barcelona",
    "slug": "aram-interiors-barcelona",
    "categoria_slug": "reformas",
    "ciudad_slug": "barcelona",
    "barrio_slug": "sarria-sant-gervasi",
    "direccion": "Carrer de Johann Sebastian Bach, 24, 08021 Barcelona",
    "telefono": "932 803 236",
    "horario": "Lun-Vie: 10:00-19:00",
    "coordenadas": { "lat": 41.3990, "lng": 2.1350 },
    "valoracion_media": 4.7,
    "num_resenas": 213,
    "servicios_destacados": ["25 años de experiencia", "Interiorismo y decoración", "Pisos y oficinas", "Locales comerciales"],
    "url_google_maps": "https://maps.app.goo.gl/araminteriors"
  },
  {
    "nombre": "Dosidos Reformas Valencia",
    "slug": "dosidos-reformas-valencia",
    "categoria_slug": "reformas",
    "ciudad_slug": "valencia",
    "barrio_slug": "ciutat-vella-valencia",
    "direccion": "Carrer de la Pau, 40, 46003 Valencia",
    "telefono": "963 942 380",
    "horario": "Lun-Vie: 9:00-19:00",
    "coordenadas": { "lat": 39.4740, "lng": -0.3760 },
    "valoracion_media": 4.7,
    "num_resenas": 234,
    "servicios_destacados": ["24 años de experiencia", "150+ proyectos", "Reforma integral vivienda", "Presupuesto personalizado"],
    "url_google_maps": "https://maps.app.goo.gl/dosidosvalencia"
  },
  {
    "nombre": "CEF Proyectos y Reformas Valencia",
    "slug": "cef-proyectos-reformas-valencia",
    "categoria_slug": "reformas",
    "ciudad_slug": "valencia",
    "barrio_slug": "eixample-valencia",
    "direccion": "Carrer de Colón, 85, 46004 Valencia",
    "telefono": "961 678 901",
    "horario": "Lun-Vie: 9:00-18:00",
    "coordenadas": { "lat": 39.4660, "lng": -0.3730 },
    "valoracion_media": 4.5,
    "num_resenas": 178,
    "servicios_destacados": ["Constructora en Valencia", "Diseño de interiores", "Rehabilitación de edificios", "Reforma integral"],
    "url_google_maps": "https://maps.app.goo.gl/cefvalencia"
  },
  {
    "nombre": "Aquí Tu Reforma Valencia",
    "slug": "aqui-tu-reforma-valencia",
    "categoria_slug": "reformas",
    "ciudad_slug": "valencia",
    "barrio_slug": "ruzafa",
    "direccion": "C. Jesús, 69, 46007 Valencia",
    "telefono": "722 259 203",
    "horario": "Lun-Sáb: 10:00-20:00",
    "coordenadas": { "lat": 39.4610, "lng": -0.3710 },
    "valoracion_media": 4.6,
    "num_resenas": 198,
    "servicios_destacados": ["Showroom de materiales", "Reforma de cocinas", "Presupuesto cerrado", "Diseño personalizado"],
    "url_google_maps": "https://maps.app.goo.gl/aquitureformavalencia"
  },
  {
    "nombre": "Reforvis Reformas Valencia",
    "slug": "reforvis-reformas-valencia",
    "categoria_slug": "reformas",
    "ciudad_slug": "valencia",
    "barrio_slug": "benimaclet",
    "direccion": "Carrer d'Emili Baró, 40, 46020 Valencia",
    "telefono": "961 789 012",
    "horario": "Lun-Vie: 9:00-19:00",
    "coordenadas": { "lat": 39.4850, "lng": -0.3610 },
    "valoracion_media": 4.4,
    "num_resenas": 134,
    "servicios_destacados": ["Reforma integral pisos", "Interiorismo", "Cerramientos de terrazas", "Sótanos y garajes"],
    "url_google_maps": "https://maps.app.goo.gl/reforvisvalencia"
  },
  {
    "nombre": "Lavtion Reformas Valencia",
    "slug": "lavtion-reformas-valencia",
    "categoria_slug": "reformas",
    "ciudad_slug": "valencia",
    "barrio_slug": "patraix",
    "direccion": "Carrer de Fontanars dels Alforins, 65, 46018 Valencia",
    "telefono": "962 345 678",
    "horario": "Lun-Vie: 9:00-18:00",
    "coordenadas": { "lat": 39.4590, "lng": -0.3910 },
    "valoracion_media": 4.5,
    "num_resenas": 145,
    "servicios_destacados": ["Desde 2015", "Construcción sostenible", "Diseño de interiores", "Locales comerciales"],
    "url_google_maps": "https://maps.app.goo.gl/lavtionreformas"
  },
  {
    "nombre": "Reforsevi Reformas Sevilla",
    "slug": "reforsevi-reformas-sevilla",
    "categoria_slug": "reformas",
    "ciudad_slug": "sevilla",
    "barrio_slug": "triana",
    "direccion": "Calle Esperanza de Triana, 35, 41010 Sevilla",
    "telefono": "954 789 012",
    "horario": "Lun-Vie: 8:00-19:00",
    "coordenadas": { "lat": 37.3830, "lng": -6.0060 },
    "valoracion_media": 4.6,
    "num_resenas": 198,
    "servicios_destacados": ["Toda Andalucía", "Viviendas y locales", "Cocinas y baños", "Desde 450€/m²"],
    "url_google_maps": "https://maps.app.goo.gl/reforsevi"
  },
  {
    "nombre": "Reformas Integrales Nervión",
    "slug": "reformas-integrales-nervion",
    "categoria_slug": "reformas",
    "ciudad_slug": "sevilla",
    "barrio_slug": "nervion",
    "direccion": "Av. de Eduardo Dato, 50, 41005 Sevilla",
    "telefono": "655 123 456",
    "horario": "Lun-Vie: 9:00-19:00",
    "coordenadas": { "lat": 37.3890, "lng": -5.9710 },
    "valoracion_media": 4.5,
    "num_resenas": 167,
    "servicios_destacados": ["Reforma integral", "Rehabilitación", "Obra nueva", "Presupuesto cerrado"],
    "url_google_maps": "https://maps.app.goo.gl/reformasnervion"
  },
  {
    "nombre": "Reformas Centro Sevilla",
    "slug": "reformas-centro-sevilla",
    "categoria_slug": "reformas",
    "ciudad_slug": "sevilla",
    "barrio_slug": "centro-sevilla",
    "direccion": "Calle Sierpes, 45, 41004 Sevilla",
    "telefono": "954 456 789",
    "horario": "Lun-Vie: 9:00-19:00",
    "coordenadas": { "lat": 37.3890, "lng": -5.9960 },
    "valoracion_media": 4.4,
    "num_resenas": 145,
    "servicios_destacados": ["Viviendas y comercios", "Albañilería y pintura", "Electricidad y fontanería", "Interiorismo"],
    "url_google_maps": "https://maps.app.goo.gl/reformascentrosevilla"
  },
  {
    "nombre": "Reformas Macarena Sevilla",
    "slug": "reformas-macarena-sevilla",
    "categoria_slug": "reformas",
    "ciudad_slug": "sevilla",
    "barrio_slug": "macarena",
    "direccion": "Calle Feria, 110, 41002 Sevilla",
    "telefono": "625 678 901",
    "horario": "Lun-Sáb: 8:00-20:00",
    "coordenadas": { "lat": 37.4010, "lng": -5.9880 },
    "valoracion_media": 4.3,
    "num_resenas": 98,
    "servicios_destacados": ["Reformas económicas", "Cocinas y baños", "Pintura y albañilería", "Presupuesto gratuito"],
    "url_google_maps": "https://maps.app.goo.gl/reformasmacarena"
  },
  {
    "nombre": "Reformas Los Remedios Sevilla",
    "slug": "reformas-los-remedios-sevilla",
    "categoria_slug": "reformas",
    "ciudad_slug": "sevilla",
    "barrio_slug": "los-remedios",
    "direccion": "Av. República Argentina, 35, 41011 Sevilla",
    "telefono": "646 789 012",
    "horario": "Lun-Vie: 9:00-19:00",
    "coordenadas": { "lat": 37.3770, "lng": -6.0100 },
    "valoracion_media": 4.5,
    "num_resenas": 156,
    "servicios_destacados": ["Reforma de pisos", "Diseño de interiores", "Rehabilitación edificios", "Toda la provincia"],
    "url_google_maps": "https://maps.app.goo.gl/reformaslosremedios"
  },
  {
    "nombre": "IRC Pintores y Reformas Málaga",
    "slug": "irc-reformas-malaga",
    "categoria_slug": "reformas",
    "ciudad_slug": "malaga",
    "barrio_slug": "centro-malaga",
    "direccion": "Calle Larios, 30, 29015 Málaga",
    "telefono": "952 678 901",
    "horario": "Lun-Vie: 9:00-19:00",
    "coordenadas": { "lat": 36.7220, "lng": -4.4220 },
    "valoracion_media": 4.7,
    "num_resenas": 267,
    "servicios_destacados": ["10 años de garantía", "20 años en el sector", "Papel pintado y paneles 3D", "Financiación disponible"],
    "url_google_maps": "https://maps.app.goo.gl/ircmalaga"
  },
  {
    "nombre": "Reformas Teatinos Málaga",
    "slug": "reformas-teatinos-malaga",
    "categoria_slug": "reformas",
    "ciudad_slug": "malaga",
    "barrio_slug": "teatinos",
    "direccion": "Bulevar Louis Pasteur, 50, 29010 Málaga",
    "telefono": "951 234 567",
    "horario": "Lun-Vie: 9:00-19:00",
    "coordenadas": { "lat": 36.7290, "lng": -4.4690 },
    "valoracion_media": 4.5,
    "num_resenas": 167,
    "servicios_destacados": ["Reforma integral vivienda", "Cocinas y baños", "Diseño personalizado", "Presupuesto cerrado"],
    "url_google_maps": "https://maps.app.goo.gl/reformasteatinos"
  },
  {
    "nombre": "Reformas La Malagueta",
    "slug": "reformas-la-malagueta",
    "categoria_slug": "reformas",
    "ciudad_slug": "malaga",
    "barrio_slug": "la-malagueta",
    "direccion": "Paseo de Reding, 55, 29016 Málaga",
    "telefono": "952 345 678",
    "horario": "Lun-Vie: 9:00-18:00",
    "coordenadas": { "lat": 36.7190, "lng": -4.4110 },
    "valoracion_media": 4.4,
    "num_resenas": 134,
    "servicios_destacados": ["Viviendas de lujo", "Reformas completas", "Diseño de interiores", "Materiales premium"],
    "url_google_maps": "https://maps.app.goo.gl/reformaslamalagueta"
  },
  {
    "nombre": "Reformas Huelin Málaga",
    "slug": "reformas-huelin-malaga",
    "categoria_slug": "reformas",
    "ciudad_slug": "malaga",
    "barrio_slug": "huelin",
    "direccion": "Carretera de Cádiz, 80, 29004 Málaga",
    "telefono": "651 456 789",
    "horario": "Lun-Sáb: 8:00-20:00",
    "coordenadas": { "lat": 36.7130, "lng": -4.4410 },
    "valoracion_media": 4.3,
    "num_resenas": 112,
    "servicios_destacados": ["Reformas económicas", "Albañilería y pintura", "Electricidad y fontanería", "Cocinas modernas"],
    "url_google_maps": "https://maps.app.goo.gl/reformashuelin"
  },
  {
    "nombre": "Espinar Reformas Málaga",
    "slug": "espinar-reformas-malaga",
    "categoria_slug": "reformas",
    "ciudad_slug": "malaga",
    "barrio_slug": "el-palo",
    "direccion": "Av. Salvador Allende, 45, 29018 Málaga",
    "telefono": "952 789 012",
    "horario": "Lun-Vie: 8:00-18:00",
    "coordenadas": { "lat": 36.7220, "lng": -4.3710 },
    "valoracion_media": 4.5,
    "num_resenas": 145,
    "servicios_destacados": ["30 años en el sector", "Rehabilitación de fachadas", "Trabajos verticales", "Reformas generales"],
    "url_google_maps": "https://maps.app.goo.gl/espinarreformas"
  }
]
